timestamp,temperature_c,humidity_pct,wind_speed_mps,wind_direction_deg,solar_irradiance_wm2,solar_status,wind_status,solar_generation_kw,wind_generation_kw,energy_demand_kw,battery_soc_pct,generator_status,n_seconds,solar_energy_kwh,wind_energy_kwh
2026-03-01 00:00:00,-14.08,64.76,11.1,181.75,0.0,ONLINE,ONLINE,0.0,88.8088,299.74,69.88,AVAILABLE,60,0.0,1.4801
2026-03-01 00:01:00,-14.2,64.81,10.79,179.72,0.0,ONLINE,ONLINE,0.0,84.9416,300.32,70.02,AVAILABLE,60,0.0,1.4157
2026-03-01 00:02:00,-13.94,66.23,11.12,205.84,0.0,ONLINE,ONLINE,0.0,88.9395,300.73,70.63,AVAILABLE,60,0.0,1.4823
2026-03-01 00:03:00,-13.85,66.61,10.73,183.99,0.0,ONLINE,ONLINE,0.0,85.8253,301.23,71.05,AVAILABLE,60,0.0,1.4304
2026-03-01 00:04:00,-13.77,64.68,10.69,170.8,0.0,ONLINE,ONLINE,0.0,85.5132,299.27,71.45,AVAILABLE,60,0.0,1.4252
2026-03-01 00:05:00,-13.71,65.89,11.02,181.88,0.0,ONLINE,ONLINE,0.0,88.1774,298.98,71.43,AVAILABLE,60,0.0,1.4696
2026-03-01 00:06:00,-13.92,64.78,11.43,184.75,0.0,ONLINE,ONLINE,0.0,91.4211,300.01,74.7,AVAILABLE,60,0.0,1.5237
2026-03-01 00:07:00,-13.73,65.31,10.97,196.83,0.0,ONLINE,ONLINE,0.0,86.5819,299.37,69.61,AVAILABLE,60,0.0,1.443
2026-03-01 00:08:00,-13.53,67.59,10.91,186.09,0.0,ONLINE,ONLINE,0.0,87.3074,298.62,71.75,AVAILABLE,60,0.0,1.4551
2026-03-01 00:09:00,-13.82,67.67,10.87,193.82,0.0,ONLINE,ONLINE,0.0,85.5627,299.4,72.84,AVAILABLE,60,0.0,1.426
2026-03-01 00:10:00,-13.58,64.34,10.58,191.93,0.0,ONLINE,ONLINE,0.0,84.64,298.62,74.89,AVAILABLE,60,0.0,1.4107
2026-03-01 00:11:00,-13.43,67.51,11.27,169.0,0.0,ONLINE,ONLINE,0.0,90.1958,298.79,73.8,AVAILABLE,60,0.0,1.5033
2026-03-01 00:12:00,-13.56,63.23,10.66,171.56,0.0,ONLINE,ONLINE,0.0,85.3109,298.93,73.34,AVAILABLE,60,0.0,1.4218
2026-03-01 00:13:00,-13.7,65.2,11.17,171.91,0.0,ONLINE,ONLINE,0.0,89.3662,297.99,71.71,AVAILABLE,60,0.0,1.4894
2026-03-01 00:14:00,-13.6,64.94,11.1,179.17,0.0,ONLINE,ONLINE,0.0,87.3114,298.36,73.05,AVAILABLE,60,0.0,1.4552
2026-03-01 00:15:00,-13.36,65.89,11.06,189.51,0.0,ONLINE,ONLINE,0.0,86.6714,298.07,71.82,AVAILABLE,60,0.0,1.4445
2026-03-01 00:16:00,-13.53,69.95,11.22,168.72,0.0,ONLINE,ONLINE,0.0,89.7406,299.25,74.33,AVAILABLE,60,0.0,1.4957
2026-03-01 00:17:00,-13.57,66.54,11.14,177.38,0.0,ONLINE,ONLINE,0.0,89.1141,298.59,73.11,AVAILABLE,60,0.0,1.4852
2026-03-01 00:18:00,-13.36,68.53,11.13,200.2,0.0,ONLINE,ONLINE,0.0,87.338,297.83,72.0,AVAILABLE,60,0.0,1.4556
2026-03-01 00:19:00,-13.54,64.4,11.29,187.97,0.0,ONLINE,ONLINE,0.0,90.3295,298.13,72.57,AVAILABLE,60,0.0,1.5055
2026-03-01 00:20:00,-13.43,66.83,11.55,172.05,0.0,ONLINE,ONLINE,0.0,92.3676,297.54,71.94,AVAILABLE,60,0.0,1.5395
2026-03-01 00:21:00,-13.22,65.06,10.78,176.45,0.0,ONLINE,ONLINE,0.0,86.2382,297.71,71.62,AVAILABLE,60,0.0,1.4373
2026-03-01 00:22:00,-13.23,65.92,11.0,162.5,0.0,ONLINE,ONLINE,0.0,88.0357,297.77,75.6,AVAILABLE,60,0.0,1.4673
2026-03-01 00:23:00,-13.47,67.53,10.89,196.27,0.0,ONLINE,ONLINE,0.0,85.5823,297.21,71.41,AVAILABLE,60,0.0,1.4264
2026-03-01 00:24:00,-13.47,68.91,11.13,165.87,0.0,ONLINE,ONLINE,0.0,87.8106,297.83,72.56,AVAILABLE,60,0.0,1.4635
2026-03-01 00:25:00,-13.31,66.24,11.12,188.36,0.0,ONLINE,ONLINE,0.0,84.5309,297.97,72.14,AVAILABLE,60,0.0,1.4088
2026-03-01 00:26:00,-13.14,65.78,10.91,157.64,0.0,ONLINE,ONLINE,0.0,87.2513,297.17,71.77,AVAILABLE,60,0.0,1.4542
2026-03-01 00:27:00,-13.3,69.93,10.9,184.35,0.0,ONLINE,ONLINE,0.0,86.1288,298.47,72.28,AVAILABLE,60,0.0,1.4355
2026-03-01 00:28:00,-13.19,67.66,11.28,170.01,0.0,ONLINE,ONLINE,0.0,88.3488,296.81,74.48,AVAILABLE,60,0.0,1.4725
2026-03-01 00:29:00,-13.04,65.05,11.17,173.84,0.0,ONLINE,ONLINE,0.0,87.7209,296.85,75.61,AVAILABLE,60,0.0,1.462
2026-03-01 00:30:00,-13.37,65.63,10.65,187.88,0.0,ONLINE,ONLINE,0.0,85.1816,297.63,72.98,AVAILABLE,60,0.0,1.4197
2026-03-01 00:31:00,-13.04,67.27,11.11,174.05,0.0,ONLINE,ONLINE,0.0,88.8543,298.2,73.33,AVAILABLE,60,0.0,1.4809
2026-03-01 00:32:00,-13.01,65.21,10.9,199.38,0.0,ONLINE,ONLINE,0.0,87.1824,298.02,71.43,AVAILABLE,60,0.0,1.453
2026-03-01 00:33:00,-13.14,66.84,11.03,180.3,0.0,ONLINE,ONLINE,0.0,88.2294,297.19,72.27,AVAILABLE,60,0.0,1.4705
2026-03-01 00:34:00,-13.04,68.18,10.87,163.19,0.0,ONLINE,ONLINE,0.0,86.9788,295.54,73.68,AVAILABLE,60,0.0,1.4496
2026-03-01 00:35:00,-13.01,68.76,11.17,162.53,0.0,ONLINE,ONLINE,0.0,89.3256,296.11,71.52,AVAILABLE,60,0.0,1.4888
2026-03-01 00:36:00,-12.89,65.93,10.85,186.73,0.0,ONLINE,ONLINE,0.0,86.8367,296.64,73.05,AVAILABLE,60,0.0,1.4473
2026-03-01 00:37:00,-13.0,64.9,11.06,162.03,0.0,ONLINE,ONLINE,0.0,88.4787,296.53,71.86,AVAILABLE,60,0.0,1.4746
2026-03-01 00:38:00,-12.76,67.99,11.11,184.73,0.0,ONLINE,ONLINE,0.0,88.8598,296.44,71.77,AVAILABLE,60,0.0,1.481
2026-03-01 00:39:00,-12.51,67.47,11.3,180.86,0.0,ONLINE,ONLINE,0.0,90.3957,296.09,72.89,AVAILABLE,60,0.0,1.5066
2026-03-01 00:40:00,-12.78,68.85,10.85,172.45,0.0,ONLINE,ONLINE,0.0,86.8396,295.87,71.81,AVAILABLE,60,0.0,1.4473
2026-03-01 00:41:00,-12.69,65.47,10.83,180.38,0.0,ONLINE,ONLINE,0.0,85.0578,296.0,74.06,AVAILABLE,60,0.0,1.4176
2026-03-01 00:42:00,-12.68,65.65,11.1,172.9,0.0,ONLINE,ONLINE,0.0,87.3711,296.62,71.62,AVAILABLE,60,0.0,1.4562
2026-03-01 00:43:00,-12.95,66.37,11.31,159.53,0.0,ONLINE,ONLINE,0.0,90.5017,295.18,72.78,AVAILABLE,60,0.0,1.5084
2026-03-01 00:44:00,-12.58,65.34,11.26,197.33,0.0,ONLINE,ONLINE,0.0,90.0876,295.88,71.61,AVAILABLE,60,0.0,1.5015
2026-03-01 00:45:00,-12.69,68.7,10.79,176.52,0.0,ONLINE,ONLINE,0.0,86.3351,295.72,71.45,AVAILABLE,60,0.0,1.4389
2026-03-01 00:46:00,-12.47,67.25,10.89,172.02,0.0,ONLINE,ONLINE,0.0,87.1144,294.88,71.98,AVAILABLE,60,0.0,1.4519
2026-03-01 00:47:00,-12.51,67.89,11.03,179.17,0.0,ONLINE,ONLINE,0.0,87.1229,294.73,74.53,AVAILABLE,60,0.0,1.452
2026-03-01 00:48:00,-12.38,65.81,11.05,195.39,0.0,ONLINE,ONLINE,0.0,88.4255,295.84,73.75,AVAILABLE,60,0.0,1.4738
2026-03-01 00:49:00,-12.53,65.51,10.67,190.25,0.0,ONLINE,ONLINE,0.0,80.5621,294.52,73.5,AVAILABLE,60,0.0,1.3427
2026-03-01 00:50:00,-12.47,68.13,10.73,189.9,0.0,ONLINE,ONLINE,0.0,85.8787,295.63,72.13,AVAILABLE,60,0.0,1.4313
2026-03-01 00:51:00,-12.44,66.48,10.94,174.83,0.0,ONLINE,ONLINE,0.0,87.5019,295.2,73.61,AVAILABLE,60,0.0,1.4584
2026-03-01 00:52:00,-12.37,62.89,10.84,157.07,0.0,ONLINE,ONLINE,0.0,85.3401,294.69,73.48,AVAILABLE,60,0.0,1.4223
2026-03-01 00:53:00,-12.14,69.6,11.28,172.34,0.0,ONLINE,ONLINE,0.0,89.0816,293.63,71.92,AVAILABLE,60,0.0,1.4847
2026-03-01 00:54:00,-12.38,67.65,11.01,184.83,0.0,ONLINE,ONLINE,0.0,86.9667,294.69,72.0,AVAILABLE,60,0.0,1.4494
2026-03-01 00:55:00,-12.45,67.98,11.04,193.78,0.0,ONLINE,ONLINE,0.0,88.3134,294.14,71.79,AVAILABLE,60,0.0,1.4719
2026-03-01 00:56:00,-12.19,63.89,10.81,181.83,0.0,ONLINE,ONLINE,0.0,86.4914,294.33,73.95,AVAILABLE,60,0.0,1.4415
2026-03-01 00:57:00,-12.35,68.42,10.7,152.33,0.0,ONLINE,ONLINE,0.0,85.612,294.52,73.29,AVAILABLE,60,0.0,1.4269
2026-03-01 00:58:00,-12.14,66.41,10.74,180.13,0.0,ONLINE,ONLINE,0.0,82.955,294.78,72.86,AVAILABLE,60,0.0,1.3826
2026-03-01 00:59:00,-12.28,64.42,11.15,185.33,0.0,ONLINE,ONLINE,0.0,89.1599,294.57,73.89,AVAILABLE,60,0.0,1.486
2026-03-01 01:00:00,-12.21,65.35,11.11,162.63,0.0,ONLINE,ONLINE,0.0,88.9168,294.3,72.51,AVAILABLE,60,0.0,1.4819
2026-03-01 01:01:00,-12.21,67.46,11.05,170.14,0.0,ONLINE,ONLINE,0.0,87.0183,294.25,70.69,AVAILABLE,60,0.0,1.4503
2026-03-01 01:02:00,-11.99,66.8,11.54,178.29,0.0,ONLINE,ONLINE,0.0,92.309,293.61,74.04,AVAILABLE,60,0.0,1.5385
2026-03-01 01:03:00,-12.02,64.65,11.38,174.86,0.0,ONLINE,ONLINE,0.0,89.3875,293.78,73.09,AVAILABLE,60,0.0,1.4898
2026-03-01 01:04:00,-11.87,67.36,11.09,187.78,0.0,ONLINE,ONLINE,0.0,88.7196,294.55,73.09,AVAILABLE,60,0.0,1.4787
2026-03-01 01:05:00,-12.1,65.8,11.04,174.62,0.0,ONLINE,ONLINE,0.0,88.3119,293.28,73.74,AVAILABLE,60,0.0,1.4719
2026-03-01 01:06:00,-11.99,67.32,11.39,173.91,0.0,ONLINE,ONLINE,0.0,91.1444,293.53,73.0,AVAILABLE,60,0.0,1.5191
2026-03-01 01:07:00,-12.02,67.93,10.86,169.38,0.0,ONLINE,ONLINE,0.0,85.0964,293.63,71.01,AVAILABLE,60,0.0,1.4183
2026-03-01 01:08:00,-11.78,67.76,11.21,191.01,0.0,ONLINE,ONLINE,0.0,88.3561,292.8,72.02,AVAILABLE,60,0.0,1.4726
2026-03-01 01:09:00,-11.8,64.54,11.12,200.98,0.0,ONLINE,ONLINE,0.0,88.9311,293.63,72.34,AVAILABLE,60,0.0,1.4822
2026-03-01 01:10:00,-11.71,65.39,11.42,165.7,0.0,ONLINE,ONLINE,0.0,89.8313,293.43,72.88,AVAILABLE,60,0.0,1.4972
2026-03-01 01:11:00,-11.67,66.99,11.2,190.25,0.0,ONLINE,ONLINE,0.0,89.5806,291.82,70.85,AVAILABLE,60,0.0,1.493
2026-03-01 01:12:00,-11.8,68.76,10.8,180.72,0.0,ONLINE,ONLINE,0.0,85.1352,294.08,73.38,AVAILABLE,60,0.0,1.4189
2026-03-01 01:13:00,-11.72,64.91,11.46,168.54,0.0,ONLINE,ONLINE,0.0,88.7304,293.53,72.76,AVAILABLE,60,0.0,1.4788
2026-03-01 01:14:00,-11.96,67.11,11.13,203.18,0.0,ONLINE,ONLINE,0.0,87.7055,292.84,70.76,AVAILABLE,60,0.0,1.4618
2026-03-01 01:15:00,-11.67,67.13,10.92,151.21,0.0,ONLINE,ONLINE,0.0,85.6495,293.05,74.9,AVAILABLE,60,0.0,1.4275
2026-03-01 01:16:00,-11.64,63.45,10.95,178.49,0.0,ONLINE,ONLINE,0.0,85.9516,292.45,72.53,AVAILABLE,60,0.0,1.4325
2026-03-01 01:17:00,-11.7,65.11,10.91,192.67,0.0,ONLINE,ONLINE,0.0,83.169,291.48,73.73,AVAILABLE,60,0.0,1.3861
2026-03-01 01:18:00,-11.74,66.36,11.0,177.87,0.0,ONLINE,ONLINE,0.0,88.0161,292.3,73.18,AVAILABLE,60,0.0,1.4669
2026-03-01 01:19:00,-11.48,65.12,11.25,198.79,0.0,ONLINE,ONLINE,0.0,90.0302,292.54,73.43,AVAILABLE,60,0.0,1.5005
2026-03-01 01:20:00,-11.5,66.5,11.28,179.2,0.0,ONLINE,ONLINE,0.0,83.2129,291.57,72.5,AVAILABLE,60,0.0,1.3869
2026-03-01 01:21:00,-11.32,67.92,10.84,175.69,0.0,ONLINE,ONLINE,0.0,85.4085,291.43,75.0,AVAILABLE,60,0.0,1.4235
2026-03-01 01:22:00,-11.49,67.38,11.01,200.81,0.0,ONLINE,ONLINE,0.0,86.6067,291.19,71.79,AVAILABLE,60,0.0,1.4434
2026-03-01 01:23:00,-11.38,65.53,10.78,180.58,0.0,ONLINE,ONLINE,0.0,84.7994,292.47,71.45,AVAILABLE,60,0.0,1.4133
2026-03-01 01:24:00,-11.53,67.49,11.26,192.76,0.0,ONLINE,ONLINE,0.0,88.8457,291.65,73.59,AVAILABLE,60,0.0,1.4808
2026-03-01 01:25:00,-11.42,66.23,11.0,163.35,0.0,ONLINE,ONLINE,0.0,88.0145,291.08,72.58,AVAILABLE,60,0.0,1.4669
2026-03-01 01:26:00,-11.46,66.92,11.26,162.18,0.0,ONLINE,ONLINE,0.0,90.1223,291.41,73.98,AVAILABLE,60,0.0,1.502
2026-03-01 01:27:00,-11.4,65.06,10.93,173.97,0.0,ONLINE,ONLINE,0.0,85.9353,291.9,74.66,AVAILABLE,60,0.0,1.4323
2026-03-01 01:28:00,-11.35,64.39,10.92,181.86,0.0,ONLINE,ONLINE,0.0,87.3904,290.2,71.03,AVAILABLE,60,0.0,1.4565
2026-03-01 01:29:00,-11.37,69.72,10.93,138.25,0.0,ONLINE,ONLINE,0.0,85.7044,291.1,69.44,AVAILABLE,60,0.0,1.4284
2026-03-01 01:30:00,-11.29,66.83,10.59,156.76,0.0,ONLINE,ONLINE,0.0,83.49,291.26,72.59,AVAILABLE,60,0.0,1.3915
2026-03-01 01:31:00,-11.23,68.13,10.68,187.7,0.0,ONLINE,ONLINE,0.0,85.4158,291.42,69.86,AVAILABLE,60,0.0,1.4236
2026-03-01 01:32:00,-11.24,69.25,11.13,164.46,0.0,ONLINE,ONLINE,0.0,87.5907,291.01,72.06,AVAILABLE,60,0.0,1.4598
2026-03-01 01:33:00,-11.13,66.31,11.22,190.42,0.0,ONLINE,ONLINE,0.0,88.5615,291.3,72.15,AVAILABLE,60,0.0,1.476
2026-03-01 01:34:00,-10.96,68.22,11.08,171.72,0.0,ONLINE,ONLINE,0.0,88.6552,291.32,69.8,AVAILABLE,60,0.0,1.4776
2026-03-01 01:35:00,-11.07,65.96,11.43,189.56,0.0,ONLINE,ONLINE,0.0,91.432,290.71,74.0,AVAILABLE,60,0.0,1.5239
2026-03-01 01:36:00,-10.94,62.44,10.78,159.42,0.0,ONLINE,ONLINE,0.0,84.7703,289.77,70.09,AVAILABLE,60,0.0,1.4128
2026-03-01 01:37:00,-10.92,66.66,10.9,196.42,0.0,ONLINE,ONLINE,0.0,87.2201,290.93,73.46,AVAILABLE,60,0.0,1.4537
2026-03-01 01:38:00,-10.95,66.74,11.09,172.73,0.0,ONLINE,ONLINE,0.0,88.6882,289.74,73.4,AVAILABLE,60,0.0,1.4781
2026-03-01 01:39:00,-10.93,67.38,11.22,157.25,0.0,ONLINE,ONLINE,0.0,89.7391,290.4,73.38,AVAILABLE,60,0.0,1.4957
2026-03-01 01:40:00,-10.88,65.98,11.06,182.19,0.0,ONLINE,ONLINE,0.0,88.4793,290.9,72.62,AVAILABLE,60,0.0,1.4747
2026-03-01 01:41:00,-10.91,67.72,11.0,168.28,0.0,ONLINE,ONLINE,0.0,88.0207,289.45,73.76,AVAILABLE,60,0.0,1.467
2026-03-01 01:42:00,-10.94,65.39,10.84,170.3,0.0,ONLINE,ONLINE,0.0,82.3507,289.47,70.32,AVAILABLE,60,0.0,1.3725
2026-03-01 01:43:00,-10.98,67.04,10.68,191.23,0.0,ONLINE,ONLINE,0.0,85.4499,289.89,72.14,AVAILABLE,60,0.0,1.4242
2026-03-01 01:44:00,-10.81,66.21,11.2,170.49,0.0,ONLINE,ONLINE,0.0,88.2404,290.07,72.84,AVAILABLE,60,0.0,1.4707
2026-03-01 01:45:00,-10.77,69.36,10.93,191.8,0.0,ONLINE,ONLINE,0.0,87.4154,289.4,73.21,AVAILABLE,60,0.0,1.4569
2026-03-01 01:46:00,-11.06,68.7,10.48,187.12,0.0,ONLINE,ONLINE,0.0,83.858,290.11,73.24,AVAILABLE,60,0.0,1.3976
2026-03-01 01:47:00,-10.58,68.23,10.96,174.75,0.0,ONLINE,ONLINE,0.0,86.0493,290.05,73.72,AVAILABLE,60,0.0,1.4342
2026-03-01 01:48:00,-10.65,67.64,11.12,178.14,0.0,ONLINE,ONLINE,0.0,88.9509,289.64,71.95,AVAILABLE,60,0.0,1.4825
2026-03-01 01:49:00,-10.72,67.29,11.19,188.22,0.0,ONLINE,ONLINE,0.0,89.5603,289.4,71.85,AVAILABLE,60,0.0,1.4927
2026-03-01 01:50:00,-10.63,65.74,11.12,196.29,0.0,ONLINE,ONLINE,0.0,88.9734,289.08,73.85,AVAILABLE,60,0.0,1.4829
2026-03-01 01:51:00,-10.52,66.62,11.0,170.44,0.0,ONLINE,ONLINE,0.0,87.9607,288.9,74.82,AVAILABLE,60,0.0,1.466
2026-03-01 01:52:00,-10.43,68.03,11.27,185.67,0.0,ONLINE,ONLINE,0.0,88.7776,289.61,72.86,AVAILABLE,60,0.0,1.4796
2026-03-01 01:53:00,-10.3,69.03,10.76,172.14,0.0,ONLINE,ONLINE,0.0,82.3075,290.14,71.66,AVAILABLE,60,0.0,1.3718
2026-03-01 01:54:00,-10.65,67.63,10.85,181.21,0.0,ONLINE,ONLINE,0.0,85.4942,289.89,70.75,AVAILABLE,60,0.0,1.4249
2026-03-01 01:55:00,-10.5,66.29,10.83,173.31,0.0,ONLINE,ONLINE,0.0,84.9506,289.61,73.2,AVAILABLE,60,0.0,1.4158
2026-03-01 01:56:00,-10.54,68.62,10.82,165.45,0.0,ONLINE,ONLINE,0.0,84.9159,289.49,72.19,AVAILABLE,60,0.0,1.4153
2026-03-01 01:57:00,-10.46,64.34,10.87,204.14,0.0,ONLINE,ONLINE,0.0,85.4105,288.36,72.02,AVAILABLE,60,0.0,1.4235
2026-03-01 01:58:00,-10.37,66.24,11.0,182.18,0.0,ONLINE,ONLINE,0.0,84.5704,287.85,74.17,AVAILABLE,60,0.0,1.4095
2026-03-01 01:59:00,-10.44,64.75,11.19,192.72,0.0,ONLINE,ONLINE,0.0,89.5605,289.13,71.35,AVAILABLE,60,0.0,1.4927
2026-03-01 02:00:00,-10.32,68.02,11.01,195.21,0.0,ONLINE,ONLINE,0.0,86.9668,288.6,71.66,AVAILABLE,60,0.0,1.4494
2026-03-01 02:01:00,-10.5,66.03,10.86,180.62,0.0,ONLINE,ONLINE,0.0,86.8644,288.55,71.21,AVAILABLE,60,0.0,1.4477
2026-03-01 02:02:00,-10.33,67.48,10.78,180.37,0.0,ONLINE,ONLINE,0.0,86.2338,288.62,71.61,AVAILABLE,60,0.0,1.4372
2026-03-01 02:03:00,-10.2,64.07,11.03,172.93,0.0,ONLINE,ONLINE,0.0,88.2196,287.79,71.38,AVAILABLE,60,0.0,1.4703
2026-03-01 02:04:00,-10.2,65.55,10.5,178.39,0.0,ONLINE,ONLINE,0.0,82.749,289.85,70.91,AVAILABLE,60,0.0,1.3792
2026-03-01 02:05:00,-10.17,68.26,10.77,178.75,0.0,ONLINE,ONLINE,0.0,86.1258,287.19,71.2,AVAILABLE,60,0.0,1.4354
2026-03-01 02:06:00,-10.18,65.38,11.36,190.39,0.0,ONLINE,ONLINE,0.0,90.9043,286.97,71.07,AVAILABLE,60,0.0,1.5151
2026-03-01 02:07:00,-10.13,68.6,10.96,189.36,0.0,ONLINE,ONLINE,0.0,87.7053,286.82,74.62,AVAILABLE,60,0.0,1.4618
2026-03-01 02:08:00,-10.12,64.81,10.98,193.49,0.0,ONLINE,ONLINE,0.0,87.8293,288.4,70.21,AVAILABLE,60,0.0,1.4638
2026-03-01 02:09:00,-10.1,66.27,10.92,189.04,0.0,ONLINE,ONLINE,0.0,87.3573,286.65,71.45,AVAILABLE,60,0.0,1.456
2026-03-01 02:10:00,-9.79,67.26,10.88,173.2,0.0,ONLINE,ONLINE,0.0,81.8826,286.62,72.32,AVAILABLE,60,0.0,1.3647
2026-03-01 02:11:00,-9.9,65.02,11.16,160.84,0.0,ONLINE,ONLINE,0.0,88.1714,287.17,73.14,AVAILABLE,60,0.0,1.4695
2026-03-01 02:12:00,-9.75,66.74,11.14,171.81,0.0,ONLINE,ONLINE,0.0,89.1349,287.12,73.78,AVAILABLE,60,0.0,1.4856
2026-03-01 02:13:00,-9.93,65.8,10.91,172.61,0.0,ONLINE,ONLINE,0.0,85.8687,287.43,72.57,AVAILABLE,60,0.0,1.4311
2026-03-01 02:14:00,-9.82,69.9,11.17,184.33,0.0,ONLINE,ONLINE,0.0,89.3298,286.37,73.46,AVAILABLE,60,0.0,1.4888
2026-03-01 02:15:00,-9.88,68.82,11.18,191.15,0.0,ONLINE,ONLINE,0.0,88.3062,285.56,73.57,AVAILABLE,60,0.0,1.4718
2026-03-01 02:16:00,-9.69,67.08,11.12,176.22,0.0,ONLINE,ONLINE,0.0,88.9698,286.92,72.4,AVAILABLE,60,0.0,1.4828
2026-03-01 02:17:00,-9.79,67.82,11.16,196.3,0.0,ONLINE,ONLINE,0.0,89.2379,286.75,74.03,AVAILABLE,60,0.0,1.4873
2026-03-01 02:18:00,-9.63,67.12,11.11,179.57,0.0,ONLINE,ONLINE,0.0,87.288,286.42,73.52,AVAILABLE,60,0.0,1.4548
2026-03-01 02:19:00,-9.86,66.73,11.03,185.46,0.0,ONLINE,ONLINE,0.0,88.2737,287.3,72.26,AVAILABLE,60,0.0,1.4712
2026-03-01 02:20:00,-9.69,66.67,11.07,189.16,0.0,ONLINE,ONLINE,0.0,88.5775,285.99,71.22,AVAILABLE,60,0.0,1.4763
2026-03-01 02:21:00,-9.78,66.71,11.05,170.93,0.0,ONLINE,ONLINE,0.0,88.4281,286.17,75.94,AVAILABLE,60,0.0,1.4738
2026-03-01 02:22:00,-9.74,68.76,10.84,174.3,0.0,ONLINE,ONLINE,0.0,83.0028,286.35,71.59,AVAILABLE,60,0.0,1.3834
2026-03-01 02:23:00,-9.45,64.67,10.7,195.79,0.0,ONLINE,ONLINE,0.0,85.5674,285.99,72.49,AVAILABLE,60,0.0,1.4261
2026-03-01 02:24:00,-9.32,68.66,11.39,187.72,0.0,ONLINE,ONLINE,0.0,91.1266,284.99,74.07,AVAILABLE,60,0.0,1.5188
2026-03-01 02:25:00,-9.74,65.28,11.13,166.96,0.0,ONLINE,ONLINE,0.0,87.3048,285.63,72.75,AVAILABLE,60,0.0,1.4551
2026-03-01 02:26:00,-9.59,66.03,11.18,169.4,0.0,ONLINE,ONLINE,0.0,89.4359,285.58,73.39,AVAILABLE,60,0.0,1.4906
2026-03-01 02:27:00,-9.64,67.39,10.93,145.94,0.0,ONLINE,ONLINE,0.0,86.3008,286.14,72.95,AVAILABLE,60,0.0,1.4383
2026-03-01 02:28:00,-9.46,66.86,11.04,195.28,0.0,ONLINE,ONLINE,0.0,88.3154,285.48,73.0,AVAILABLE,60,0.0,1.4719
2026-03-01 02:29:00,-9.44,66.19,10.98,170.87,0.0,ONLINE,ONLINE,0.0,86.6987,286.01,71.51,AVAILABLE,60,0.0,1.445
2026-03-01 02:30:00,-9.36,65.8,10.66,175.66,0.0,ONLINE,ONLINE,0.0,83.5024,285.87,73.01,AVAILABLE,60,0.0,1.3917
2026-03-01 02:31:00,-9.36,66.14,11.3,179.58,0.0,ONLINE,ONLINE,0.0,88.7676,285.72,72.47,AVAILABLE,60,0.0,1.4795
2026-03-01 02:32:00,-9.25,68.28,11.18,194.93,0.0,ONLINE,ONLINE,0.0,89.4425,284.86,73.85,AVAILABLE,60,0.0,1.4907
2026-03-01 02:33:00,-9.37,65.55,11.23,197.1,0.0,ONLINE,ONLINE,0.0,89.8578,285.58,73.36,AVAILABLE,60,0.0,1.4976
2026-03-01 02:34:00,-9.15,66.14,10.91,187.45,0.0,ONLINE,ONLINE,0.0,87.2776,284.58,72.84,AVAILABLE,60,0.0,1.4546
2026-03-01 02:35:00,-9.34,66.28,11.32,175.8,0.0,ONLINE,ONLINE,0.0,90.5322,284.77,73.77,AVAILABLE,60,0.0,1.5089
2026-03-01 02:36:00,-9.24,66.14,11.12,206.66,0.0,ONLINE,ONLINE,0.0,84.7163,284.16,72.26,AVAILABLE,60,0.0,1.4119
2026-03-01 02:37:00,-9.19,66.3,10.78,177.3,0.0,ONLINE,ONLINE,0.0,86.2673,284.24,71.09,AVAILABLE,60,0.0,1.4378
2026-03-01 02:38:00,-9.11,65.93,10.91,186.02,0.0,ONLINE,ONLINE,0.0,86.1523,284.42,72.83,AVAILABLE,60,0.0,1.4359
2026-03-01 02:39:00,-9.07,64.41,10.88,170.99,0.0,ONLINE,ONLINE,0.0,87.044,283.58,72.41,AVAILABLE,60,0.0,1.4507
2026-03-01 02:40:00,-9.09,65.21,10.93,169.22,0.0,ONLINE,ONLINE,0.0,87.4199,285.07,71.48,AVAILABLE,60,0.0,1.457
2026-03-01 02:41:00,-8.76,67.9,11.31,169.45,0.0,ONLINE,ONLINE,0.0,89.109,284.97,72.05,AVAILABLE,60,0.0,1.4851
2026-03-01 02:42:00,-9.14,64.27,11.24,163.65,0.0,ONLINE,ONLINE,0.0,89.9441,284.28,73.93,AVAILABLE,60,0.0,1.4991
2026-03-01 02:43:00,-9.0,66.94,11.41,185.59,0.0,ONLINE,ONLINE,0.0,90.1047,283.46,72.95,AVAILABLE,60,0.0,1.5017
2026-03-01 02:44:00,-8.89,65.89,10.63,162.83,0.0,ONLINE,ONLINE,0.0,80.4366,284.32,72.83,AVAILABLE,60,0.0,1.3406
2026-03-01 02:45:00,-9.19,68.47,10.86,179.0,0.0,ONLINE,ONLINE,0.0,85.5231,283.9,72.69,AVAILABLE,60,0.0,1.4254
2026-03-01 02:46:00,-8.77,67.46,11.05,192.33,0.0,ONLINE,ONLINE,0.0,84.0542,284.54,70.85,AVAILABLE,60,0.0,1.4009
2026-03-01 02:47:00,-8.92,68.27,10.96,165.07,0.0,ONLINE,ONLINE,0.0,86.436,283.69,74.17,AVAILABLE,60,0.0,1.4406
2026-03-01 02:48:00,-8.94,65.56,10.85,186.24,0.0,ONLINE,ONLINE,0.0,86.818,283.7,71.64,AVAILABLE,60,0.0,1.447
2026-03-01 02:49:00,-8.75,65.39,11.12,203.26,0.0,ONLINE,ONLINE,0.0,87.6474,284.11,70.74,AVAILABLE,60,0.0,1.4608
2026-03-01 02:50:00,-8.85,65.71,11.03,175.58,0.0,ONLINE,ONLINE,0.0,88.2286,283.46,73.23,AVAILABLE,60,0.0,1.4705
2026-03-01 02:51:00,-8.65,65.72,10.88,163.9,0.0,ONLINE,ONLINE,0.0,87.0411,282.81,70.6,AVAILABLE,60,0.0,1.4507
2026-03-01 02:52:00,-8.84,67.6,11.06,174.81,0.0,ONLINE,ONLINE,0.0,88.4962,283.38,72.69,AVAILABLE,60,0.0,1.4749
2026-03-01 02:53:00,-8.81,65.86,11.52,155.7,0.0,ONLINE,ONLINE,0.0,88.94,282.3,70.22,AVAILABLE,60,0.0,1.4823
2026-03-01 02:54:00,-8.79,69.87,10.63,174.93,0.0,ONLINE,ONLINE,0.0,85.0731,283.9,69.52,AVAILABLE,60,0.0,1.4179
2026-03-01 02:55:00,-8.65,67.15,10.74,166.59,0.0,ONLINE,ONLINE,0.0,85.8859,282.79,73.4,AVAILABLE,60,0.0,1.4314
2026-03-01 02:56:00,-8.53,64.92,10.98,190.59,0.0,ONLINE,ONLINE,0.0,86.528,282.32,72.73,AVAILABLE,60,0.0,1.4421
2026-03-01 02:57:00,-8.59,67.22,10.85,196.2,0.0,ONLINE,ONLINE,0.0,85.6494,282.63,71.54,AVAILABLE,60,0.0,1.4275
2026-03-01 02:58:00,-8.37,64.25,11.09,175.77,0.0,ONLINE,ONLINE,0.0,87.4632,282.56,70.04,AVAILABLE,60,0.0,1.4577
2026-03-01 02:59:00,-8.52,66.02,11.07,173.68,0.0,ONLINE,ONLINE,0.0,86.9117,282.59,71.9,AVAILABLE,60,0.0,1.4485
2026-03-01 03:00:00,-8.54,65.68,10.77,197.23,0.0,ONLINE,ONLINE,0.0,85.0134,282.8,70.99,AVAILABLE,60,0.0,1.4169
2026-03-01 03:01:00,-8.52,67.69,10.81,181.88,0.0,ONLINE,ONLINE,0.0,86.5137,281.26,69.66,AVAILABLE,60,0.0,1.4419
2026-03-01 03:02:00,-8.53,69.37,10.86,198.12,0.0,ONLINE,ONLINE,0.0,86.8633,281.21,75.94,AVAILABLE,60,0.0,1.4477
2026-03-01 03:03:00,-8.54,65.8,10.72,142.23,0.0,ONLINE,ONLINE,0.0,85.7505,282.77,72.71,AVAILABLE,60,0.0,1.4292
2026-03-01 03:04:00,-8.44,65.33,10.96,177.82,0.0,ONLINE,ONLINE,0.0,86.4554,282.08,72.17,AVAILABLE,60,0.0,1.4409
2026-03-01 03:05:00,-8.22,63.59,11.0,178.54,0.0,ONLINE,ONLINE,0.0,86.8482,280.63,74.26,AVAILABLE,60,0.0,1.4475
2026-03-01 03:06:00,-8.23,64.48,11.02,178.7,0.0,ONLINE,ONLINE,0.0,88.1688,281.27,70.81,AVAILABLE,60,0.0,1.4695
2026-03-01 03:07:00,-8.15,65.21,11.19,172.46,0.0,ONLINE,ONLINE,0.0,89.5269,282.21,74.28,AVAILABLE,60,0.0,1.4921
2026-03-01 03:08:00,-8.21,64.59,11.41,178.22,0.0,ONLINE,ONLINE,0.0,88.6502,281.84,73.2,AVAILABLE,60,0.0,1.4775
2026-03-01 03:09:00,-8.21,67.53,10.61,159.41,0.0,ONLINE,ONLINE,0.0,84.8478,281.41,74.07,AVAILABLE,60,0.0,1.4141
2026-03-01 03:10:00,-8.04,65.54,11.17,173.17,0.0,ONLINE,ONLINE,0.0,87.5018,281.94,72.12,AVAILABLE,60,0.0,1.4584
2026-03-01 03:11:00,-8.33,63.74,11.14,179.03,0.0,ONLINE,ONLINE,0.0,87.6524,280.6,69.86,AVAILABLE,60,0.0,1.4609
2026-03-01 03:12:00,-7.99,66.33,11.04,167.19,0.0,ONLINE,ONLINE,0.0,84.6546,279.9,71.69,AVAILABLE,60,0.0,1.4109
2026-03-01 03:13:00,-8.17,65.69,11.12,182.5,0.0,ONLINE,ONLINE,0.0,86.0349,281.37,74.38,AVAILABLE,60,0.0,1.4339
2026-03-01 03:14:00,-8.18,64.45,11.1,176.11,0.0,ONLINE,ONLINE,0.0,88.7666,281.29,71.72,AVAILABLE,60,0.0,1.4794
2026-03-01 03:15:00,-8.16,65.36,10.93,161.12,0.0,ONLINE,ONLINE,0.0,87.4736,282.39,70.73,AVAILABLE,60,0.0,1.4579
2026-03-01 03:16:00,-7.82,66.9,10.69,183.02,0.0,ONLINE,ONLINE,0.0,85.5073,279.46,70.6,AVAILABLE,60,0.0,1.4251
2026-03-01 03:17:00,-7.92,64.47,11.32,166.23,0.0,ONLINE,ONLINE,0.0,89.3657,279.86,72.82,AVAILABLE,60,0.0,1.4894
2026-03-01 03:18:00,-8.14,66.5,10.89,184.03,0.0,ONLINE,ONLINE,0.0,85.9126,281.05,72.55,AVAILABLE,60,0.0,1.4319
2026-03-01 03:19:00,-7.9,66.12,10.42,167.3,0.0,ONLINE,ONLINE,0.0,83.3485,281.01,71.48,AVAILABLE,60,0.0,1.3891
2026-03-01 03:20:00,-7.97,66.8,11.36,176.07,0.0,ONLINE,ONLINE,0.0,90.8994,279.1,75.05,AVAILABLE,60,0.0,1.515
2026-03-01 03:21:00,-7.74,68.72,11.13,180.3,0.0,ONLINE,ONLINE,0.0,89.0457,279.53,73.2,AVAILABLE,60,0.0,1.4841
2026-03-01 03:22:00,-7.68,66.73,10.84,180.92,0.0,ONLINE,ONLINE,0.0,86.6984,280.03,71.45,AVAILABLE,60,0.0,1.445
2026-03-01 03:23:00,-7.87,69.96,10.81,191.14,0.0,ONLINE,ONLINE,0.0,86.5039,279.75,73.83,AVAILABLE,60,0.0,1.4417
2026-03-01 03:24:00,-7.96,66.2,10.99,170.61,0.0,ONLINE,ONLINE,0.0,84.7143,279.9,73.54,AVAILABLE,60,0.0,1.4119
2026-03-01 03:25:00,-7.66,66.54,10.79,188.69,0.0,ONLINE,ONLINE,0.0,86.3146,279.49,72.63,AVAILABLE,60,0.0,1.4386
2026-03-01 03:26:00,-7.85,66.4,11.2,181.02,0.0,ONLINE,ONLINE,0.0,89.5626,279.98,72.26,AVAILABLE,60,0.0,1.4927
2026-03-01 03:27:00,-7.78,65.35,11.14,188.42,0.0,ONLINE,ONLINE,0.0,89.0998,280.58,71.55,AVAILABLE,60,0.0,1.485
2026-03-01 03:28:00,-7.5,66.49,10.91,191.09,0.0,ONLINE,ONLINE,0.0,82.2787,279.84,74.08,AVAILABLE,60,0.0,1.3713
2026-03-01 03:29:00,-7.63,66.69,11.14,203.0,0.0,ONLINE,ONLINE,0.0,89.1322,279.54,71.42,AVAILABLE,60,0.0,1.4855
2026-03-01 03:30:00,-7.54,67.35,11.05,187.47,0.0,ONLINE,ONLINE,0.0,88.3718,278.71,74.05,AVAILABLE,60,0.0,1.4729
2026-03-01 03:31:00,-7.53,68.32,11.03,199.44,0.0,ONLINE,ONLINE,0.0,86.7132,279.53,71.57,AVAILABLE,60,0.0,1.4452
2026-03-01 03:32:00,-7.47,66.09,11.36,180.03,0.0,ONLINE,ONLINE,0.0,89.4028,279.11,75.03,AVAILABLE,60,0.0,1.49
2026-03-01 03:33:00,-7.5,67.31,10.9,170.43,0.0,ONLINE,ONLINE,0.0,87.2354,278.84,74.7,AVAILABLE,60,0.0,1.4539
2026-03-01 03:34:00,-7.46,65.02,10.93,184.59,0.0,ONLINE,ONLINE,0.0,86.3112,279.69,69.81,AVAILABLE,60,0.0,1.4385
2026-03-01 03:35:00,-7.27,67.31,10.9,180.05,0.0,ONLINE,ONLINE,0.0,84.2334,279.22,72.93,AVAILABLE,60,0.0,1.4039
2026-03-01 03:36:00,-7.36,67.29,10.81,194.19,0.0,ONLINE,ONLINE,0.0,85.3944,278.38,73.64,AVAILABLE,60,0.0,1.4232
2026-03-01 03:37:00,-7.43,63.66,11.13,179.36,0.0,ONLINE,ONLINE,0.0,89.0643,281.19,72.02,AVAILABLE,60,0.0,1.4844
2026-03-01 03:38:00,-7.28,67.9,11.41,186.05,0.0,ONLINE,ONLINE,0.0,90.0756,278.63,72.98,AVAILABLE,60,0.0,1.5013
2026-03-01 03:39:00,-7.52,66.03,11.01,176.88,0.0,ONLINE,ONLINE,0.0,88.0619,277.75,73.56,AVAILABLE,60,0.0,1.4677
2026-03-01 03:40:00,-7.41,69.27,11.62,170.39,0.0,ONLINE,ONLINE,0.0,91.7499,277.93,72.56,AVAILABLE,60,0.0,1.5292
2026-03-01 03:41:00,-7.03,66.48,10.77,187.68,0.0,ONLINE,ONLINE,0.0,84.7728,279.7,71.84,AVAILABLE,60,0.0,1.4129
2026-03-01 03:42:00,-7.13,66.16,11.31,158.48,0.0,ONLINE,ONLINE,0.0,90.479,278.64,72.98,AVAILABLE,60,0.0,1.508
2026-03-01 03:43:00,-7.09,67.07,10.82,187.21,0.0,ONLINE,ONLINE,0.0,85.2038,277.16,72.1,AVAILABLE,60,0.0,1.4201
2026-03-01 03:44:00,-7.13,67.28,11.08,180.63,0.0,ONLINE,ONLINE,0.0,88.638,278.44,71.12,AVAILABLE,60,0.0,1.4773
2026-03-01 03:45:00,-7.18,65.22,10.88,174.88,0.0,ONLINE,ONLINE,0.0,87.066,278.24,71.58,AVAILABLE,60,0.0,1.4511
2026-03-01 03:46:00,-7.01,66.23,10.72,199.42,0.0,ONLINE,ONLINE,0.0,85.7368,278.07,72.99,AVAILABLE,60,0.0,1.4289
2026-03-01 03:47:00,-6.76,68.37,11.5,173.65,0.0,ONLINE,ONLINE,0.0,87.3134,277.4,73.29,AVAILABLE,60,0.0,1.4552
2026-03-01 03:48:00,-6.94,67.39,10.65,179.2,0.0,ONLINE,ONLINE,0.0,84.1267,277.22,70.5,AVAILABLE,60,0.0,1.4021
2026-03-01 03:49:00,-6.82,67.89,10.72,182.09,0.0,ONLINE,ONLINE,0.0,85.7191,277.64,76.11,AVAILABLE,60,0.0,1.4287
2026-03-01 03:50:00,-6.98,66.29,10.96,167.11,0.0,ONLINE,ONLINE,0.0,87.6901,277.14,71.92,AVAILABLE,60,0.0,1.4615
2026-03-01 03:51:00,-6.83,66.84,10.96,177.28,0.0,ONLINE,ONLINE,0.0,87.6876,276.58,72.53,AVAILABLE,60,0.0,1.4615
2026-03-01 03:52:00,-6.91,64.28,10.77,201.97,0.0,ONLINE,ONLINE,0.0,83.4835,277.21,71.61,AVAILABLE,60,0.0,1.3914
2026-03-01 03:53:00,-6.58,65.74,10.89,151.63,0.0,ONLINE,ONLINE,0.0,87.1508,277.43,73.09,AVAILABLE,60,0.0,1.4525
2026-03-01 03:54:00,-6.92,65.65,10.51,179.6,0.0,ONLINE,ONLINE,0.0,82.6192,277.46,73.78,AVAILABLE,60,0.0,1.377
2026-03-01 03:55:00,-6.73,64.41,11.37,168.39,0.0,ONLINE,ONLINE,0.0,89.1303,277.47,71.55,AVAILABLE,60,0.0,1.4855
2026-03-01 03:56:00,-6.76,64.33,11.25,188.73,0.0,ONLINE,ONLINE,0.0,88.3438,277.49,74.69,AVAILABLE,60,0.0,1.4724
2026-03-01 03:57:00,-6.81,67.44,11.14,176.75,0.0,ONLINE,ONLINE,0.0,89.135,277.16,72.09,AVAILABLE,60,0.0,1.4856
2026-03-01 03:58:00,-6.58,67.6,11.3,190.28,0.0,ONLINE,ONLINE,0.0,88.5415,275.73,71.03,AVAILABLE,60,0.0,1.4757
2026-03-01 03:59:00,-6.84,66.2,10.95,177.74,0.0,ONLINE,ONLINE,0.0,85.8157,276.31,73.61,AVAILABLE,60,0.0,1.4303
2026-03-01 04:00:00,-6.63,62.23,10.43,189.77,0.0,ONLINE,ONLINE,0.0,82.2685,277.2,74.0,AVAILABLE,60,0.0,1.3711
2026-03-01 04:01:00,-6.46,66.74,11.24,180.09,0.0,ONLINE,ONLINE,0.0,88.4859,276.8,72.18,AVAILABLE,60,0.0,1.4748
2026-03-01 04:02:00,-6.58,67.89,10.9,160.95,0.0,ONLINE,ONLINE,0.0,85.9501,276.56,73.39,AVAILABLE,60,0.0,1.4325
2026-03-01 04:03:00,-6.48,68.69,11.09,186.75,0.0,ONLINE,ONLINE,0.0,88.7505,275.75,73.17,AVAILABLE,60,0.0,1.4792
2026-03-01 04:04:00,-6.32,68.01,10.82,167.62,0.0,ONLINE,ONLINE,0.0,83.9633,276.68,71.75,AVAILABLE,60,0.0,1.3994
2026-03-01 04:05:00,-6.54,67.64,11.2,197.81,0.0,ONLINE,ONLINE,0.0,89.5884,276.17,72.17,AVAILABLE,60,0.0,1.4931
2026-03-01 04:06:00,-6.47,65.41,11.09,192.79,0.0,ONLINE,ONLINE,0.0,87.5917,275.71,72.64,AVAILABLE,60,0.0,1.4599
2026-03-01 04:07:00,-6.39,65.83,10.93,190.19,0.0,ONLINE,ONLINE,0.0,87.4824,276.77,73.17,AVAILABLE,60,0.0,1.458
2026-03-01 04:08:00,-6.31,65.45,10.86,157.86,0.0,ONLINE,ONLINE,0.0,86.9213,274.65,72.25,AVAILABLE,60,0.0,1.4487
2026-03-01 04:09:00,-6.14,65.86,11.45,169.97,0.0,ONLINE,ONLINE,0.0,91.565,276.79,71.75,AVAILABLE,60,0.0,1.5261
2026-03-01 04:10:00,-6.53,65.45,11.17,157.92,0.0,ONLINE,ONLINE,0.0,89.3919,275.5,72.96,AVAILABLE,60,0.0,1.4899
2026-03-01 04:11:00,-6.41,64.34,10.81,172.82,0.0,ONLINE,ONLINE,0.0,86.4787,275.07,71.98,AVAILABLE,60,0.0,1.4413
2026-03-01 04:12:00,-6.47,64.29,10.86,202.52,0.0,ONLINE,ONLINE,0.0,86.8744,274.88,73.23,AVAILABLE,60,0.0,1.4479
2026-03-01 04:13:00,-6.14,67.5,11.09,184.87,0.0,ONLINE,ONLINE,0.0,86.9326,276.37,71.61,AVAILABLE,60,0.0,1.4489
2026-03-01 04:14:00,-6.17,64.98,10.63,195.22,0.0,ONLINE,ONLINE,0.0,85.0185,274.37,72.26,AVAILABLE,60,0.0,1.417
2026-03-01 04:15:00,-6.26,65.39,10.82,176.66,0.0,ONLINE,ONLINE,0.0,86.5443,275.31,70.2,AVAILABLE,60,0.0,1.4424
2026-03-01 04:16:00,-6.05,68.95,10.78,169.98,0.0,ONLINE,ONLINE,0.0,83.1599,274.89,73.25,AVAILABLE,60,0.0,1.386
2026-03-01 04:17:00,-6.0,65.96,11.22,205.9,0.0,ONLINE,ONLINE,0.0,89.7619,274.65,73.09,AVAILABLE,60,0.0,1.496
2026-03-01 04:18:00,-5.93,68.77,10.92,182.84,0.0,ONLINE,ONLINE,0.0,85.775,275.21,70.55,AVAILABLE,60,0.0,1.4296
2026-03-01 04:19:00,-5.76,64.16,10.81,173.65,0.0,ONLINE,ONLINE,0.0,83.4491,274.8,74.06,AVAILABLE,60,0.0,1.3908
2026-03-01 04:20:00,-6.14,66.51,11.13,163.76,0.0,ONLINE,ONLINE,0.0,89.0041,274.88,72.86,AVAILABLE,60,0.0,1.4834
2026-03-01 04:21:00,-5.82,65.75,10.73,193.65,0.0,ONLINE,ONLINE,0.0,85.8585,274.15,74.47,AVAILABLE,60,0.0,1.431
2026-03-01 04:22:00,-5.95,66.91,11.15,183.36,0.0,ONLINE,ONLINE,0.0,86.0525,274.45,73.07,AVAILABLE,60,0.0,1.4342
2026-03-01 04:23:00,-5.9,65.9,10.96,178.46,0.0,ONLINE,ONLINE,0.0,82.7435,274.74,73.4,AVAILABLE,60,0.0,1.3791
2026-03-01 04:24:00,-5.81,64.66,11.18,160.57,0.0,ONLINE,ONLINE,0.0,89.4111,274.12,73.01,AVAILABLE,60,0.0,1.4902
2026-03-01 04:25:00,-5.85,67.19,11.08,181.47,0.0,ONLINE,ONLINE,0.0,85.9448,273.95,70.81,AVAILABLE,60,0.0,1.4324
2026-03-01 04:26:00,-5.7,65.85,10.63,190.27,0.0,ONLINE,ONLINE,0.0,85.0412,273.64,73.69,AVAILABLE,60,0.0,1.4174
2026-03-01 04:27:00,-5.86,67.35,10.79,195.76,0.0,ONLINE,ONLINE,0.0,86.363,274.47,73.43,AVAILABLE,60,0.0,1.4394
2026-03-01 04:28:00,-5.9,67.3,10.68,171.66,0.0,ONLINE,ONLINE,0.0,85.4734,274.28,72.66,AVAILABLE,60,0.0,1.4246
2026-03-01 04:29:00,-5.63,66.26,11.02,164.57,0.0,ONLINE,ONLINE,0.0,88.1973,273.67,72.19,AVAILABLE,60,0.0,1.47
2026-03-01 04:30:00,-5.76,66.23,11.25,192.8,0.0,ONLINE,ONLINE,0.0,90.0245,273.72,69.6,AVAILABLE,60,0.0,1.5004
2026-03-01 04:31:00,-5.75,66.92,11.08,204.89,0.0,ONLINE,ONLINE,0.0,88.6674,272.09,72.88,AVAILABLE,60,0.0,1.4778
2026-03-01 04:32:00,-5.55,66.54,11.14,185.77,0.0,ONLINE,ONLINE,0.0,87.4717,272.85,71.19,AVAILABLE,60,0.0,1.4579
2026-03-01 04:33:00,-5.79,67.53,11.0,183.21,0.0,ONLINE,ONLINE,0.0,86.6296,274.01,73.83,AVAILABLE,60,0.0,1.4438
2026-03-01 04:34:00,-5.4,65.11,11.03,170.62,0.0,ONLINE,ONLINE,0.0,86.4347,273.28,71.46,AVAILABLE,60,0.0,1.4406
2026-03-01 04:35:00,-5.59,65.97,10.93,179.66,0.0,ONLINE,ONLINE,0.0,87.4271,272.74,71.14,AVAILABLE,60,0.0,1.4571
2026-03-01 04:36:00,-5.42,65.7,10.75,175.05,0.0,ONLINE,ONLINE,0.0,86.0237,274.61,71.04,AVAILABLE,60,0.0,1.4337
2026-03-01 04:37:00,-5.36,65.54,11.06,166.47,0.0,ONLINE,ONLINE,0.0,88.479,273.68,71.9,AVAILABLE,60,0.0,1.4746
2026-03-01 04:38:00,-5.4,67.41,11.14,183.34,0.0,ONLINE,ONLINE,0.0,89.0943,272.32,73.09,AVAILABLE,60,0.0,1.4849
2026-03-01 04:39:00,-5.49,69.76,10.78,154.32,0.0,ONLINE,ONLINE,0.0,86.2198,272.27,72.39,AVAILABLE,60,0.0,1.437
2026-03-01 04:40:00,-5.47,68.68,10.79,168.05,0.0,ONLINE,ONLINE,0.0,86.3122,273.31,70.62,AVAILABLE,60,0.0,1.4385
2026-03-01 04:41:00,-5.41,67.59,10.9,169.1,0.0,ONLINE,ONLINE,0.0,85.8434,272.36,72.13,AVAILABLE,60,0.0,1.4307
2026-03-01 04:42:00,-5.17,64.84,11.59,190.05,0.0,ONLINE,ONLINE,0.0,92.7517,273.16,74.33,AVAILABLE,60,0.0,1.5459
2026-03-01 04:43:00,-5.36,69.06,11.02,175.41,0.0,ONLINE,ONLINE,0.0,87.0234,272.69,73.54,AVAILABLE,60,0.0,1.4504
2026-03-01 04:44:00,-5.53,67.1,11.09,167.35,0.0,ONLINE,ONLINE,0.0,88.7178,273.23,74.41,AVAILABLE,60,0.0,1.4786
2026-03-01 04:45:00,-5.27,63.87,10.86,182.52,0.0,ONLINE,ONLINE,0.0,86.8674,272.09,74.89,AVAILABLE,60,0.0,1.4478
2026-03-01 04:46:00,-5.19,65.05,11.25,157.33,0.0,ONLINE,ONLINE,0.0,89.9665,272.15,72.45,AVAILABLE,60,0.0,1.4994
2026-03-01 04:47:00,-4.88,66.92,10.93,170.45,0.0,ONLINE,ONLINE,0.0,85.8033,272.31,70.95,AVAILABLE,60,0.0,1.4301
2026-03-01 04:48:00,-5.39,65.28,10.88,205.34,0.0,ONLINE,ONLINE,0.0,87.041,270.98,70.28,AVAILABLE,60,0.0,1.4507
2026-03-01 04:49:00,-5.16,68.81,11.21,194.97,0.0,ONLINE,ONLINE,0.0,89.6678,271.51,71.58,AVAILABLE,60,0.0,1.4945
2026-03-01 04:50:00,-5.21,67.72,10.98,192.01,0.0,ONLINE,ONLINE,0.0,86.1252,272.81,71.49,AVAILABLE,60,0.0,1.4354
2026-03-01 04:51:00,-5.18,66.97,10.85,186.4,0.0,ONLINE,ONLINE,0.0,85.5259,272.02,71.68,AVAILABLE,60,0.0,1.4254
2026-03-01 04:52:00,-5.14,65.67,11.06,178.08,0.0,ONLINE,ONLINE,0.0,88.4443,271.32,72.61,AVAILABLE,60,0.0,1.4741
2026-03-01 04:53:00,-5.09,67.52,10.98,162.85,0.0,ONLINE,ONLINE,0.0,87.8606,270.6,73.49,AVAILABLE,60,0.0,1.4643
2026-03-01 04:54:00,-5.03,66.74,11.12,177.68,0.0,ONLINE,ONLINE,0.0,87.1458,271.95,74.4,AVAILABLE,60,0.0,1.4524
2026-03-01 04:55:00,-4.93,64.12,10.98,199.13,0.0,ONLINE,ONLINE,0.0,87.8438,270.91,72.41,AVAILABLE,60,0.0,1.4641
2026-03-01 04:56:00,-4.98,65.52,11.32,183.1,0.0,ONLINE,ONLINE,0.0,87.3836,271.58,73.21,AVAILABLE,60,0.0,1.4564
2026-03-01 04:57:00,-4.71,68.76,11.03,182.67,0.0,ONLINE,ONLINE,0.0,88.242,269.19,73.55,AVAILABLE,60,0.0,1.4707
2026-03-01 04:58:00,-5.13,66.58,10.75,197.05,0.0,ONLINE,ONLINE,0.0,85.965,270.93,72.67,AVAILABLE,60,0.0,1.4327
2026-03-01 04:59:00,-4.78,63.59,10.7,180.65,0.0,ONLINE,ONLINE,0.0,85.5611,270.75,74.84,AVAILABLE,60,0.0,1.426
2026-03-01 05:00:00,-4.93,66.63,10.99,189.23,0.0,ONLINE,ONLINE,0.0,87.9115,271.35,74.46,AVAILABLE,60,0.0,1.4652
2026-03-01 05:01:00,-4.78,68.11,11.04,178.25,0.0,ONLINE,ONLINE,0.0,87.1378,271.65,72.43,AVAILABLE,60,0.0,1.4523
2026-03-01 05:02:00,-4.69,66.89,10.79,189.31,0.0,ONLINE,ONLINE,0.0,86.3,271.09,73.52,AVAILABLE,60,0.0,1.4383
2026-03-01 05:03:00,-4.66,64.26,10.48,178.73,0.0,ONLINE,ONLINE,0.0,82.0348,270.91,72.52,AVAILABLE,60,0.0,1.3672
2026-03-01 05:04:00,-4.73,66.84,10.96,182.31,0.0,ONLINE,ONLINE,0.0,85.8777,271.28,72.48,AVAILABLE,60,0.0,1.4313
2026-03-01 05:05:00,-4.42,67.22,10.82,164.13,0.0,ONLINE,ONLINE,0.0,86.5733,269.91,72.74,AVAILABLE,60,0.0,1.4429
2026-03-01 05:06:00,-4.85,68.27,11.17,195.61,0.0,ONLINE,ONLINE,0.0,88.202,269.59,74.09,AVAILABLE,60,0.0,1.47
2026-03-01 05:07:00,-4.55,68.54,11.03,165.39,0.0,ONLINE,ONLINE,0.0,83.7154,268.63,72.56,AVAILABLE,60,0.0,1.3953
2026-03-01 05:08:00,-4.54,65.03,11.12,191.61,0.0,ONLINE,ONLINE,0.0,87.4967,270.85,72.71,AVAILABLE,60,0.0,1.4583
2026-03-01 05:09:00,-4.49,67.81,11.32,177.77,0.0,ONLINE,ONLINE,0.0,89.4603,270.79,72.16,AVAILABLE,60,0.0,1.491
2026-03-01 05:10:00,-4.47,64.74,11.14,198.55,0.0,ONLINE,ONLINE,0.0,87.2701,269.93,73.81,AVAILABLE,60,0.0,1.4545
2026-03-01 05:11:00,-4.4,66.03,11.03,178.93,0.0,ONLINE,ONLINE,0.0,86.8103,270.09,71.41,AVAILABLE,60,0.0,1.4468
2026-03-01 05:12:00,-4.44,66.31,10.57,170.39,0.0,ONLINE,ONLINE,0.0,80.5204,270.35,72.29,AVAILABLE,60,0.0,1.342
2026-03-01 05:13:00,-4.15,67.8,11.5,214.6,0.0,ONLINE,ONLINE,0.0,91.9958,269.85,72.27,AVAILABLE,60,0.0,1.5333
2026-03-01 05:14:00,-4.22,65.48,11.16,182.5,0.0,ONLINE,ONLINE,0.0,86.2912,268.88,72.27,AVAILABLE,60,0.0,1.4382
2026-03-01 05:15:00,-4.57,66.71,11.05,203.28,0.0,ONLINE,ONLINE,0.0,88.3928,268.9,71.97,AVAILABLE,60,0.0,1.4732
2026-03-01 05:16:00,-4.21,65.23,10.98,190.69,0.0,ONLINE,ONLINE,0.0,87.8198,269.04,71.86,AVAILABLE,60,0.0,1.4637
2026-03-01 05:17:00,-4.33,66.33,10.88,172.84,0.0,ONLINE,ONLINE,0.0,85.3585,268.63,73.42,AVAILABLE,60,0.0,1.4226
2026-03-01 05:18:00,-4.44,66.36,10.81,177.05,0.0,ONLINE,ONLINE,0.0,86.4971,269.38,72.78,AVAILABLE,60,0.0,1.4416
2026-03-01 05:19:00,-4.2,62.77,11.31,177.38,0.0,ONLINE,ONLINE,0.0,90.4889,268.97,72.66,AVAILABLE,60,0.0,1.5081
2026-03-01 05:20:00,-4.27,63.1,11.25,191.8,0.0,ONLINE,ONLINE,0.0,88.5122,269.02,75.15,AVAILABLE,60,0.0,1.4752
2026-03-01 05:21:00,-4.06,68.79,11.25,203.89,0.0,ONLINE,ONLINE,0.0,88.3325,268.68,72.56,AVAILABLE,60,0.0,1.4722
2026-03-01 05:22:00,-4.21,67.55,10.86,178.13,0.0,ONLINE,ONLINE,0.0,85.5529,269.15,70.59,AVAILABLE,60,0.0,1.4259
2026-03-01 05:23:00,-4.2,68.06,10.77,178.95,0.0,ONLINE,ONLINE,0.0,86.1462,268.06,72.95,AVAILABLE,60,0.0,1.4358
2026-03-01 05:24:00,-4.03,67.88,10.73,195.07,0.0,ONLINE,ONLINE,0.0,84.1684,267.61,71.51,AVAILABLE,60,0.0,1.4028
2026-03-01 05:25:00,-3.89,66.42,11.18,179.69,0.0,ONLINE,ONLINE,0.0,89.4617,267.91,72.76,AVAILABLE,60,0.0,1.491
2026-03-01 05:26:00,-3.94,65.2,10.66,174.05,0.0,ONLINE,ONLINE,0.0,80.9495,269.42,71.03,AVAILABLE,60,0.0,1.3492
2026-03-01 05:27:00,-4.05,66.04,10.69,197.04,0.0,ONLINE,ONLINE,0.0,83.1824,268.23,73.88,AVAILABLE,60,0.0,1.3864
2026-03-01 05:28:00,-4.15,65.07,10.97,187.36,0.0,ONLINE,ONLINE,0.0,86.2301,267.95,72.39,AVAILABLE,60,0.0,1.4372
2026-03-01 05:29:00,-3.94,65.91,11.03,198.92,0.0,ONLINE,ONLINE,0.0,88.2661,268.16,72.42,AVAILABLE,60,0.0,1.4711
2026-03-01 05:30:00,-3.84,68.8,11.27,192.45,0.0,ONLINE,ONLINE,0.0,84.9679,268.63,72.93,AVAILABLE,60,0.0,1.4161
2026-03-01 05:31:00,-3.71,66.04,11.06,186.04,0.0,ONLINE,ONLINE,0.0,88.49,267.9,72.3,AVAILABLE,60,0.0,1.4748
2026-03-01 05:32:00,-3.71,68.2,11.11,185.64,0.0,ONLINE,ONLINE,0.0,87.0596,268.1,73.09,AVAILABLE,60,0.0,1.451
2026-03-01 05:33:00,-3.84,67.11,11.25,177.25,0.0,ONLINE,ONLINE,0.0,89.9999,268.16,68.72,AVAILABLE,60,0.0,1.5
2026-03-01 05:34:00,-3.76,66.89,10.55,194.41,0.0,ONLINE,ONLINE,0.0,84.3871,267.71,72.26,AVAILABLE,60,0.0,1.4065
2026-03-01 05:35:00,-3.78,69.41,11.34,169.45,0.0,ONLINE,ONLINE,0.0,90.7399,267.19,69.96,AVAILABLE,60,0.0,1.5123
2026-03-01 05:36:00,-3.84,67.98,10.91,185.7,0.0,ONLINE,ONLINE,0.0,87.2412,267.3,73.4,AVAILABLE,60,0.0,1.454
2026-03-01 05:37:00,-3.74,66.2,11.11,160.95,0.0,ONLINE,ONLINE,0.0,88.865,267.69,70.02,AVAILABLE,60,0.0,1.4811
2026-03-01 05:38:00,-3.8,65.68,11.14,177.38,0.0,ONLINE,ONLINE,0.0,89.1527,267.15,72.37,AVAILABLE,60,0.0,1.4859
2026-03-01 05:39:00,-3.5,64.77,10.55,158.48,0.0,ONLINE,ONLINE,0.0,80.1344,267.48,73.99,AVAILABLE,60,0.0,1.3356
2026-03-01 05:40:00,-3.66,68.78,10.87,177.44,0.0,ONLINE,ONLINE,0.0,86.9694,266.54,73.45,AVAILABLE,60,0.0,1.4495
2026-03-01 05:41:00,-3.51,65.62,11.09,176.13,0.0,ONLINE,ONLINE,0.0,88.7305,266.7,73.19,AVAILABLE,60,0.0,1.4788
2026-03-01 05:42:00,-3.44,66.0,10.87,170.53,0.0,ONLINE,ONLINE,0.0,86.9796,266.73,72.3,AVAILABLE,60,0.0,1.4497
2026-03-01 05:43:00,-3.47,67.66,11.06,179.52,0.0,ONLINE,ONLINE,0.0,85.5001,266.28,72.2,AVAILABLE,60,0.0,1.425
2026-03-01 05:44:00,-3.36,64.88,11.02,172.3,0.0,ONLINE,ONLINE,0.0,86.6828,266.47,70.48,AVAILABLE,60,0.0,1.4447
2026-03-01 05:45:00,-3.55,66.15,10.85,192.55,0.0,ONLINE,ONLINE,0.0,84.9778,267.66,72.59,AVAILABLE,60,0.0,1.4163
2026-03-01 05:46:00,-3.59,68.31,11.28,173.71,0.0,ONLINE,ONLINE,0.0,86.9698,265.91,70.74,AVAILABLE,60,0.0,1.4495
2026-03-01 05:47:00,-3.4,66.16,10.88,191.47,0.0,ONLINE,ONLINE,0.0,87.0636,265.37,74.12,AVAILABLE,60,0.0,1.4511
2026-03-01 05:48:00,-3.44,66.63,11.08,181.54,0.0,ONLINE,ONLINE,0.0,86.7813,266.86,73.59,AVAILABLE,60,0.0,1.4464
2026-03-01 05:49:00,-3.37,65.49,11.24,198.91,0.0,ONLINE,ONLINE,0.0,89.8925,265.16,73.49,AVAILABLE,60,0.0,1.4982
2026-03-01 05:50:00,-3.3,64.54,11.03,186.42,0.0,ONLINE,ONLINE,0.0,88.2587,265.83,73.02,AVAILABLE,60,0.0,1.471
2026-03-01 05:51:00,-3.25,66.93,11.22,186.15,0.0,ONLINE,ONLINE,0.0,89.7419,266.18,71.11,AVAILABLE,60,0.0,1.4957
2026-03-01 05:52:00,-3.33,67.47,10.94,208.6,0.0,ONLINE,ONLINE,0.0,87.5117,265.73,72.83,AVAILABLE,60,0.0,1.4585
2026-03-01 05:53:00,-3.14,67.88,10.49,192.91,0.0,ONLINE,ONLINE,0.0,82.189,265.82,70.88,AVAILABLE,60,0.0,1.3698
2026-03-01 05:54:00,-3.03,68.17,11.02,213.14,0.0,ONLINE,ONLINE,0.0,88.1424,265.96,74.23,AVAILABLE,60,0.0,1.469
2026-03-01 05:55:00,-3.0,66.28,11.1,169.1,0.0,ONLINE,ONLINE,0.0,88.8298,264.48,72.48,AVAILABLE,60,0.0,1.4805
2026-03-01 05:56:00,-3.13,68.24,10.7,189.5,0.0,ONLINE,ONLINE,0.0,83.9508,266.09,73.23,AVAILABLE,60,0.0,1.3992
2026-03-01 05:57:00,-3.2,65.79,11.23,190.58,0.0,ONLINE,ONLINE,0.0,88.0231,265.47,72.44,AVAILABLE,60,0.0,1.4671
2026-03-01 05:58:00,-3.08,66.65,11.02,182.0,0.0,ONLINE,ONLINE,0.0,83.3793,264.53,72.1,AVAILABLE,60,0.0,1.3897
2026-03-01 05:59:00,-3.13,66.05,10.92,210.62,0.0,ONLINE,ONLINE,0.0,87.3764,265.37,72.36,AVAILABLE,60,0.0,1.4563
2026-03-01 06:00:00,-3.04,66.03,10.98,162.39,2.45,ONLINE,ONLINE,0.0242,86.4723,265.21,71.99,AVAILABLE,60,0.0004,1.4412
2026-03-01 06:01:00,-2.76,67.37,11.24,180.44,7.44,ONLINE,ONLINE,0.0732,89.934,264.91,71.96,AVAILABLE,60,0.0012,1.4989
2026-03-01 06:02:00,-2.91,64.88,10.69,161.7,12.41,ONLINE,ONLINE,0.1241,85.4974,266.04,71.68,AVAILABLE,60,0.0021,1.425
2026-03-01 06:03:00,-2.91,64.86,11.12,174.83,17.37,ONLINE,ONLINE,0.1737,88.9588,264.86,74.51,AVAILABLE,60,0.0029,1.4826
2026-03-01 06:04:00,-3.01,67.86,11.24,186.97,22.32,ONLINE,ONLINE,0.2232,84.8273,264.72,73.06,AVAILABLE,60,0.0037,1.4138
2026-03-01 06:05:00,-2.81,65.15,11.22,182.76,27.25,ONLINE,ONLINE,0.2725,89.793,263.32,73.09,AVAILABLE,60,0.0045,1.4966
2026-03-01 06:06:00,-2.88,66.34,11.36,201.29,32.17,ONLINE,ONLINE,0.3216,88.2189,264.0,72.52,AVAILABLE,60,0.0054,1.4703
2026-03-01 06:07:00,-2.74,63.37,10.9,187.94,37.07,ONLINE,ONLINE,0.3647,87.1632,264.54,72.95,AVAILABLE,60,0.0061,1.4527
2026-03-01 06:08:00,-2.84,67.05,10.79,174.65,41.96,ONLINE,ONLINE,0.4122,84.9138,264.89,73.38,AVAILABLE,60,0.0069,1.4152
2026-03-01 06:09:00,-2.69,67.53,11.18,177.79,46.83,ONLINE,ONLINE,0.4683,88.0305,264.35,71.48,AVAILABLE,60,0.0078,1.4672
2026-03-01 06:10:00,-2.63,64.63,11.2,191.17,51.69,ONLINE,ONLINE,0.4991,88.3805,264.01,69.81,AVAILABLE,60,0.0083,1.473
2026-03-01 06:11:00,-2.54,70.16,11.32,164.13,56.54,ONLINE,ONLINE,0.5467,90.5437,263.78,71.85,AVAILABLE,60,0.0091,1.5091
2026-03-01 06:12:00,-2.52,65.97,11.01,167.29,61.37,ONLINE,ONLINE,0.6036,84.7395,264.0,72.53,AVAILABLE,60,0.0101,1.4123
2026-03-01 06:13:00,-2.45,64.86,10.69,183.72,66.2,ONLINE,ONLINE,0.6619,85.5594,263.45,72.11,AVAILABLE,60,0.011,1.426
2026-03-01 06:14:00,-2.31,67.28,10.98,177.52,71.0,ONLINE,ONLINE,0.71,87.841,262.28,73.57,AVAILABLE,60,0.0118,1.464
2026-03-01 06:15:00,-2.41,66.88,11.03,189.26,75.79,ONLINE,ONLINE,0.7579,86.9629,263.08,74.37,AVAILABLE,60,0.0126,1.4494
2026-03-01 06:16:00,-2.65,64.84,11.1,171.36,80.57,ONLINE,ONLINE,0.7781,84.1058,263.51,70.59,AVAILABLE,60,0.013,1.4018
2026-03-01 06:17:00,-2.5,66.68,11.04,173.14,85.33,ONLINE,ONLINE,0.8533,85.1436,264.03,74.47,AVAILABLE,60,0.0142,1.4191
2026-03-01 06:18:00,-2.26,67.67,11.06,174.03,90.08,ONLINE,ONLINE,0.886,87.2882,262.76,73.24,AVAILABLE,60,0.0148,1.4548
2026-03-01 06:19:00,-2.44,63.62,10.55,158.41,94.82,ONLINE,ONLINE,0.9171,81.1024,263.76,74.49,AVAILABLE,60,0.0153,1.3517
2026-03-01 06:20:00,-2.39,68.04,10.83,187.79,99.54,ONLINE,ONLINE,0.979,83.4474,262.73,69.3,AVAILABLE,60,0.0163,1.3908
2026-03-01 06:21:00,-2.15,67.96,10.73,170.29,104.25,ONLINE,ONLINE,1.0425,85.8315,262.31,71.32,AVAILABLE,60,0.0174,1.4305
2026-03-01 06:22:00,-2.35,65.19,11.21,177.71,108.94,ONLINE,ONLINE,1.0535,89.6875,262.52,71.42,AVAILABLE,60,0.0176,1.4948
2026-03-01 06:23:00,-2.34,66.13,10.86,178.0,113.63,ONLINE,ONLINE,1.1363,85.5348,263.23,73.06,AVAILABLE,60,0.0189,1.4256
2026-03-01 06:24:00,-2.17,63.36,10.79,150.1,118.29,ONLINE,ONLINE,1.1628,86.3213,263.2,74.04,AVAILABLE,60,0.0194,1.4387
2026-03-01 06:25:00,-2.57,68.81,10.96,172.2,122.94,ONLINE,ONLINE,1.2294,86.3259,262.25,72.48,AVAILABLE,60,0.0205,1.4388
2026-03-01 06:26:00,-2.11,67.27,11.1,162.79,127.59,ONLINE,ONLINE,1.2758,87.0708,262.6,72.18,AVAILABLE,60,0.0213,1.4512
2026-03-01 06:27:00,-2.36,68.25,11.11,168.12,132.21,ONLINE,ONLINE,1.2779,88.9102,261.56,72.05,AVAILABLE,60,0.0213,1.4818
2026-03-01 06:28:00,-2.11,68.31,11.15,194.74,136.82,ONLINE,ONLINE,1.3682,89.2365,261.51,71.41,AVAILABLE,60,0.0228,1.4873
2026-03-01 06:29:00,-2.03,66.14,10.93,189.84,141.42,ONLINE,ONLINE,1.4142,87.4788,262.1,73.56,AVAILABLE,60,0.0236,1.458
2026-03-01 06:30:00,-1.91,68.23,11.26,150.2,146.0,ONLINE,ONLINE,1.4359,90.0635,260.8,74.74,AVAILABLE,60,0.0239,1.5011
2026-03-01 06:31:00,-2.1,70.28,10.97,170.68,150.57,ONLINE,ONLINE,1.5057,84.3616,262.04,72.71,AVAILABLE,60,0.0251,1.406
2026-03-01 06:32:00,-2.09,63.92,10.54,153.58,155.13,ONLINE,ONLINE,1.4999,84.3315,261.03,73.43,AVAILABLE,60,0.025,1.4055
2026-03-01 06:33:00,-1.94,68.13,10.83,167.97,159.67,ONLINE,ONLINE,1.5967,86.6617,260.64,71.79,AVAILABLE,60,0.0266,1.4444
2026-03-01 06:34:00,-1.86,66.52,11.1,197.39,164.2,ONLINE,ONLINE,1.6149,88.7685,261.23,71.88,AVAILABLE,60,0.0269,1.4795
2026-03-01 06:35:00,-1.98,67.93,10.8,174.03,168.7,ONLINE,ONLINE,1.6871,85.0534,261.56,73.62,AVAILABLE,60,0.0281,1.4176
2026-03-01 06:36:00,-2.01,63.71,10.92,175.37,173.2,ONLINE,ONLINE,1.7321,87.3429,261.1,70.83,AVAILABLE,60,0.0289,1.4557
2026-03-01 06:37:00,-1.99,68.46,11.07,202.3,177.7,ONLINE,ONLINE,1.777,87.0338,263.24,72.45,AVAILABLE,60,0.0296,1.4506
2026-03-01 06:38:00,-1.73,64.91,10.86,199.37,182.17,ONLINE,ONLINE,1.8217,85.1595,260.83,71.76,AVAILABLE,60,0.0304,1.4193
2026-03-01 06:39:00,-1.74,63.2,10.94,162.81,186.63,ONLINE,ONLINE,1.8042,84.7237,261.66,74.27,AVAILABLE,60,0.0301,1.4121
2026-03-01 06:40:00,-1.65,65.49,10.77,182.46,191.07,ONLINE,ONLINE,1.8789,84.3617,261.53,74.11,AVAILABLE,60,0.0313,1.406
2026-03-01 06:41:00,-1.69,66.35,10.98,179.39,195.5,ONLINE,ONLINE,1.955,87.8751,260.08,76.19,AVAILABLE,60,0.0326,1.4646
2026-03-01 06:42:00,-1.65,67.88,11.36,182.1,199.92,ONLINE,ONLINE,1.9662,90.8917,261.17,72.27,AVAILABLE,60,0.0328,1.5149
2026-03-01 06:43:00,-1.56,67.55,10.94,198.76,204.32,ONLINE,ONLINE,1.9753,84.315,260.09,71.6,AVAILABLE,60,0.0329,1.4053
2026-03-01 06:44:00,-1.58,67.52,11.06,180.61,208.71,ONLINE,ONLINE,2.0871,88.4538,259.93,72.16,AVAILABLE,60,0.0348,1.4742
2026-03-01 06:45:00,-1.59,66.99,11.06,177.83,213.09,ONLINE,ONLINE,2.0956,88.4956,260.38,74.23,AVAILABLE,60,0.0349,1.4749
2026-03-01 06:46:00,-1.51,64.48,11.16,160.4,217.45,ONLINE,ONLINE,2.1745,87.7231,260.26,73.05,AVAILABLE,60,0.0362,1.4621
2026-03-01 06:47:00,-1.47,67.15,11.25,194.79,221.79,ONLINE,ONLINE,2.1812,88.7001,259.7,73.11,AVAILABLE,60,0.0364,1.4783
2026-03-01 06:48:00,-1.58,68.61,11.0,199.54,226.13,ONLINE,ONLINE,2.2613,86.5721,261.04,72.0,AVAILABLE,60,0.0377,1.4429
2026-03-01 06:49:00,-1.55,65.26,10.66,166.16,230.45,ONLINE,ONLINE,2.3045,85.2752,259.51,72.25,AVAILABLE,60,0.0384,1.4213
2026-03-01 06:50:00,-1.37,66.67,10.89,163.06,234.75,ONLINE,ONLINE,2.3475,85.3679,260.86,72.88,AVAILABLE,60,0.0391,1.4228
2026-03-01 06:51:00,-1.44,66.87,11.35,189.07,239.05,ONLINE,ONLINE,2.3905,89.0376,260.28,70.95,AVAILABLE,60,0.0398,1.484
2026-03-01 06:52:00,-1.43,65.56,11.3,206.72,243.32,ONLINE,ONLINE,2.3927,87.0935,260.73,74.33,AVAILABLE,60,0.0399,1.4516
2026-03-01 06:53:00,-1.32,66.2,11.06,195.05,247.59,ONLINE,ONLINE,2.4759,85.9028,258.32,72.39,AVAILABLE,60,0.0413,1.4317
2026-03-01 06:54:00,-1.18,63.72,11.16,173.97,251.84,ONLINE,ONLINE,2.3926,89.2567,260.15,71.7,AVAILABLE,60,0.0399,1.4876
2026-03-01 06:55:00,-1.18,63.64,10.7,203.43,256.07,ONLINE,ONLINE,2.518,85.5881,259.26,71.94,AVAILABLE,60,0.042,1.4265
2026-03-01 06:56:00,-1.31,65.54,11.07,186.87,260.3,ONLINE,ONLINE,2.603,86.7875,260.01,73.76,AVAILABLE,60,0.0434,1.4465
2026-03-01 06:57:00,-1.26,67.27,11.11,170.06,264.5,ONLINE,ONLINE,2.645,87.1946,259.25,74.87,AVAILABLE,60,0.0441,1.4532
2026-03-01 06:58:00,-1.14,67.51,11.13,186.45,268.7,ONLINE,ONLINE,2.687,87.7084,258.76,73.72,AVAILABLE,60,0.0448,1.4618
2026-03-01 06:59:00,-1.3,68.11,10.88,187.5,272.88,ONLINE,ONLINE,2.7288,87.0745,258.96,70.5,AVAILABLE,60,0.0455,1.4512
2026-03-01 07:00:00,-1.12,66.46,10.89,185.18,277.05,ONLINE,ONLINE,2.6783,87.1161,259.75,71.64,AVAILABLE,60,0.0446,1.4519
2026-03-01 07:01:00,-1.04,68.05,10.69,153.49,281.2,ONLINE,ONLINE,2.812,85.5312,259.27,72.84,AVAILABLE,60,0.0469,1.4255
2026-03-01 07:02:00,-1.0,65.23,11.19,197.14,285.34,ONLINE,ONLINE,2.8534,88.3142,258.89,74.92,AVAILABLE,60,0.0476,1.4719
2026-03-01 07:03:00,-1.05,67.34,10.87,208.67,289.46,ONLINE,ONLINE,2.8946,86.9881,259.25,72.32,AVAILABLE,60,0.0482,1.4498
2026-03-01 07:04:00,-1.25,65.57,11.09,187.49,293.57,ONLINE,ONLINE,2.8869,87.1403,258.18,71.1,AVAILABLE,60,0.0481,1.4523
2026-03-01 07:05:00,-0.98,65.42,11.07,172.08,297.67,ONLINE,ONLINE,2.9269,88.5496,259.03,70.21,AVAILABLE,60,0.0488,1.4758
2026-03-01 07:06:00,-1.09,67.98,11.12,149.19,301.76,ONLINE,ONLINE,2.9672,87.6577,259.05,69.7,AVAILABLE,60,0.0495,1.461
2026-03-01 07:07:00,-1.0,68.33,10.94,182.28,305.82,ONLINE,ONLINE,3.0072,86.0987,259.28,74.01,AVAILABLE,60,0.0501,1.435
2026-03-01 07:08:00,-1.02,67.68,11.08,161.24,309.88,ONLINE,ONLINE,3.0988,86.894,259.81,73.16,AVAILABLE,60,0.0516,1.4482
2026-03-01 07:09:00,-0.86,68.82,11.01,184.35,313.92,ONLINE,ONLINE,2.9824,86.7929,259.21,74.65,AVAILABLE,60,0.0497,1.4465
2026-03-01 07:10:00,-0.93,65.82,10.99,170.51,317.95,ONLINE,ONLINE,3.1265,86.5079,258.16,71.37,AVAILABLE,60,0.0521,1.4418
2026-03-01 07:11:00,-0.91,65.42,10.82,174.71,321.97,ONLINE,ONLINE,3.1661,86.5893,257.51,70.76,AVAILABLE,60,0.0528,1.4432
2026-03-01 07:12:00,-0.66,64.3,11.15,174.58,325.97,ONLINE,ONLINE,3.205,89.2337,258.23,72.25,AVAILABLE,60,0.0534,1.4872
2026-03-01 07:13:00,-0.61,66.2,10.83,170.61,329.95,ONLINE,ONLINE,3.2995,86.6012,258.02,72.51,AVAILABLE,60,0.055,1.4434
2026-03-01 07:14:00,-0.81,67.89,11.19,187.36,333.92,ONLINE,ONLINE,3.2838,89.509,257.22,73.83,AVAILABLE,60,0.0547,1.4918
2026-03-01 07:15:00,-1.04,67.25,11.06,170.72,337.88,ONLINE,ONLINE,3.3227,88.5147,257.09,71.6,AVAILABLE,60,0.0554,1.4752
2026-03-01 07:16:00,-0.73,69.19,11.3,202.36,341.82,ONLINE,ONLINE,3.4183,90.3895,258.4,70.7,AVAILABLE,60,0.057,1.5065
2026-03-01 07:17:00,-0.74,64.86,10.96,161.39,345.76,ONLINE,ONLINE,3.4576,84.761,258.11,73.48,AVAILABLE,60,0.0576,1.4127
2026-03-01 07:18:00,-0.58,68.32,11.04,156.21,349.67,ONLINE,ONLINE,3.4967,88.3029,257.72,72.09,AVAILABLE,60,0.0583,1.4717
2026-03-01 07:19:00,-0.45,66.8,10.99,180.11,353.57,ONLINE,ONLINE,3.4766,87.9111,257.37,71.0,AVAILABLE,60,0.0579,1.4652
2026-03-01 07:20:00,-0.53,66.26,10.85,189.43,357.47,ONLINE,ONLINE,3.5747,85.6926,257.91,73.62,AVAILABLE,60,0.0596,1.4282
2026-03-01 07:21:00,-0.6,66.56,10.79,190.35,361.34,ONLINE,ONLINE,3.5533,85.2342,257.62,70.13,AVAILABLE,60,0.0592,1.4206
2026-03-01 07:22:00,-0.4,67.61,11.12,180.78,365.2,ONLINE,ONLINE,3.5915,88.9949,256.04,72.06,AVAILABLE,60,0.0599,1.4832
2026-03-01 07:23:00,-0.36,63.35,11.12,162.75,369.05,ONLINE,ONLINE,3.6905,85.5711,256.42,74.22,AVAILABLE,60,0.0615,1.4262
2026-03-01 07:24:00,-0.22,66.26,11.16,193.99,372.88,ONLINE,ONLINE,3.7288,87.5998,256.36,72.7,AVAILABLE,60,0.0621,1.46
2026-03-01 07:25:00,-0.32,65.62,11.45,179.01,376.7,ONLINE,ONLINE,3.767,91.5681,256.21,69.95,AVAILABLE,60,0.0628,1.5261
2026-03-01 07:26:00,-0.28,69.63,11.19,181.33,380.51,ONLINE,ONLINE,3.8051,86.1042,256.18,73.09,AVAILABLE,60,0.0634,1.4351
2026-03-01 07:27:00,-0.32,64.03,11.16,183.53,384.3,ONLINE,ONLINE,3.843,89.284,255.97,73.27,AVAILABLE,60,0.064,1.4881
2026-03-01 07:28:00,-0.3,69.33,11.13,186.25,388.08,ONLINE,ONLINE,3.6865,87.6356,256.17,73.97,AVAILABLE,60,0.0614,1.4606
2026-03-01 07:29:00,-0.15,64.81,10.89,172.7,391.84,ONLINE,ONLINE,3.9184,87.1163,257.65,73.59,AVAILABLE,60,0.0653,1.4519
2026-03-01 07:30:00,-0.41,64.26,10.84,178.45,395.59,ONLINE,ONLINE,3.8897,86.7126,257.04,73.37,AVAILABLE,60,0.0648,1.4452
2026-03-01 07:31:00,-0.08,66.01,11.66,170.6,399.33,ONLINE,ONLINE,3.86,93.2691,255.97,71.04,AVAILABLE,60,0.0643,1.5545
2026-03-01 07:32:00,-0.07,66.98,11.07,159.01,403.05,ONLINE,ONLINE,4.0305,88.5462,255.36,72.47,AVAILABLE,60,0.0672,1.4758
2026-03-01 07:33:00,-0.08,63.85,11.19,157.31,406.76,ONLINE,ONLINE,3.8638,89.533,256.35,71.88,AVAILABLE,60,0.0644,1.4922
2026-03-01 07:34:00,-0.23,65.07,11.11,188.44,410.45,ONLINE,ONLINE,4.1045,88.9077,255.58,73.23,AVAILABLE,60,0.0684,1.4818
2026-03-01 07:35:00,-0.14,64.06,10.96,180.81,414.13,ONLINE,ONLINE,4.0724,85.878,255.97,71.41,AVAILABLE,60,0.0679,1.4313
2026-03-01 07:36:00,0.02,65.35,11.17,184.86,417.8,ONLINE,ONLINE,4.178,89.3189,255.67,72.61,AVAILABLE,60,0.0696,1.4886
2026-03-01 07:37:00,0.03,65.95,10.85,175.22,421.45,ONLINE,ONLINE,4.1443,86.7872,255.69,72.48,AVAILABLE,60,0.0691,1.4465
2026-03-01 07:38:00,-0.02,70.52,10.97,192.16,425.09,ONLINE,ONLINE,4.2509,87.7704,255.04,72.6,AVAILABLE,60,0.0708,1.4628
2026-03-01 07:39:00,0.01,64.79,10.95,180.62,428.72,ONLINE,ONLINE,4.1445,87.5635,255.3,72.56,AVAILABLE,60,0.0691,1.4594
2026-03-01 07:40:00,0.09,66.7,10.87,180.89,432.33,ONLINE,ONLINE,4.2515,83.721,255.15,72.21,AVAILABLE,60,0.0709,1.3954
2026-03-01 07:41:00,0.08,64.02,10.74,162.24,435.93,ONLINE,ONLINE,4.3593,84.4475,254.32,73.27,AVAILABLE,60,0.0727,1.4075
2026-03-01 07:42:00,0.11,67.43,11.23,173.55,439.51,ONLINE,ONLINE,4.3218,88.0581,255.97,74.38,AVAILABLE,60,0.072,1.4676
2026-03-01 07:43:00,0.25,69.4,10.75,186.93,443.08,ONLINE,ONLINE,4.4308,84.7266,254.51,71.58,AVAILABLE,60,0.0738,1.4121
2026-03-01 07:44:00,0.02,64.71,11.17,167.09,446.63,ONLINE,ONLINE,4.4663,86.2221,254.7,75.33,AVAILABLE,60,0.0744,1.437
2026-03-01 07:45:00,0.33,65.83,11.21,168.22,450.18,ONLINE,ONLINE,4.427,88.3015,254.52,69.82,AVAILABLE,60,0.0738,1.4717
2026-03-01 07:46:00,0.33,64.92,10.58,201.27,453.7,ONLINE,ONLINE,4.4615,84.6163,256.05,71.31,AVAILABLE,60,0.0744,1.4103
2026-03-01 07:47:00,0.2,65.64,10.4,198.49,457.22,ONLINE,ONLINE,4.4959,80.7911,253.94,71.75,AVAILABLE,60,0.0749,1.3465
2026-03-01 07:48:00,0.37,67.93,11.02,187.75,460.72,ONLINE,ONLINE,4.6072,88.1388,253.77,72.2,AVAILABLE,60,0.0768,1.469
2026-03-01 07:49:00,0.28,68.19,11.39,178.15,464.21,ONLINE,ONLINE,4.642,91.0934,253.89,72.82,AVAILABLE,60,0.0774,1.5182
2026-03-01 07:50:00,0.58,67.72,11.13,191.93,467.68,ONLINE,ONLINE,4.5991,89.0282,254.59,75.22,AVAILABLE,60,0.0767,1.4838
2026-03-01 07:51:00,0.34,67.45,11.14,160.2,471.13,ONLINE,ONLINE,4.7113,89.101,254.0,69.94,AVAILABLE,60,0.0785,1.485
2026-03-01 07:52:00,0.41,69.21,10.78,161.83,474.58,ONLINE,ONLINE,4.6668,86.2588,254.04,72.21,AVAILABLE,60,0.0778,1.4376
2026-03-01 07:53:00,0.38,65.13,11.0,190.96,478.01,ONLINE,ONLINE,4.7801,86.3623,254.03,71.9,AVAILABLE,60,0.0797,1.4394
2026-03-01 07:54:00,0.44,67.39,10.99,191.81,481.43,ONLINE,ONLINE,4.8143,87.9073,254.01,73.09,AVAILABLE,60,0.0802,1.4651
2026-03-01 07:55:00,0.54,66.14,10.58,196.0,484.83,ONLINE,ONLINE,4.7674,81.8106,253.79,73.05,AVAILABLE,60,0.0795,1.3635
2026-03-01 07:56:00,0.44,70.92,10.91,180.26,488.22,ONLINE,ONLINE,4.7194,87.2759,254.12,72.93,AVAILABLE,60,0.0787,1.4546
2026-03-01 07:57:00,0.6,67.8,11.13,173.11,491.59,ONLINE,ONLINE,4.7522,87.4307,253.79,71.71,AVAILABLE,60,0.0792,1.4572
2026-03-01 07:58:00,0.49,67.01,11.32,175.73,494.95,ONLINE,ONLINE,4.9496,90.5912,253.53,71.81,AVAILABLE,60,0.0825,1.5099
2026-03-01 07:59:00,0.61,60.55,11.1,177.96,498.31,ONLINE,ONLINE,4.8999,88.8106,253.56,73.47,AVAILABLE,60,0.0817,1.4802
2026-03-01 08:00:00,0.56,66.1,10.67,197.27,501.64,ONLINE,ONLINE,5.0164,85.3959,253.42,71.82,AVAILABLE,60,0.0836,1.4233
2026-03-01 08:01:00,0.56,66.53,11.11,181.31,504.95,ONLINE,ONLINE,5.0496,88.8568,252.33,70.5,AVAILABLE,60,0.0842,1.4809
2026-03-01 08:02:00,0.51,66.72,10.9,181.23,508.26,ONLINE,ONLINE,5.0826,87.2342,251.79,71.07,AVAILABLE,60,0.0847,1.4539
2026-03-01 08:03:00,0.64,64.85,10.67,216.24,511.55,ONLINE,ONLINE,5.0303,83.7417,253.12,73.6,AVAILABLE,60,0.0838,1.3957
2026-03-01 08:04:00,0.79,64.11,11.14,167.08,514.83,ONLINE,ONLINE,5.1483,89.1135,253.44,72.15,AVAILABLE,60,0.0858,1.4852
2026-03-01 08:05:00,0.68,65.41,10.79,169.16,518.1,ONLINE,ONLINE,5.181,86.2754,253.24,73.6,AVAILABLE,60,0.0863,1.4379
2026-03-01 08:06:00,0.89,65.62,11.27,181.98,521.35,ONLINE,ONLINE,5.2135,90.1375,252.34,73.99,AVAILABLE,60,0.0869,1.5023
2026-03-01 08:07:00,0.9,70.79,11.02,182.97,524.58,ONLINE,ONLINE,5.0712,86.5797,252.98,72.29,AVAILABLE,60,0.0845,1.443
2026-03-01 08:08:00,0.82,66.22,11.06,182.84,527.8,ONLINE,ONLINE,5.278,88.4914,252.06,72.23,AVAILABLE,60,0.088,1.4749
2026-03-01 08:09:00,1.07,69.03,10.71,158.69,531.01,ONLINE,ONLINE,5.1329,83.8988,252.16,73.07,AVAILABLE,60,0.0855,1.3983
2026-03-01 08:10:00,1.15,64.69,11.11,181.49,534.21,ONLINE,ONLINE,5.3421,87.5306,252.22,72.19,AVAILABLE,60,0.089,1.4588
2026-03-01 08:11:00,1.06,67.14,11.08,206.03,537.39,ONLINE,ONLINE,5.3739,88.6399,252.08,72.89,AVAILABLE,60,0.0896,1.4773
2026-03-01 08:12:00,1.25,66.22,11.04,175.64,540.55,ONLINE,ONLINE,5.4055,85.4199,251.88,72.51,AVAILABLE,60,0.0901,1.4237
2026-03-01 08:13:00,1.14,65.84,10.95,160.42,543.71,ONLINE,ONLINE,5.4371,87.5746,252.27,72.59,AVAILABLE,60,0.0906,1.4596
2026-03-01 08:14:00,1.15,65.51,10.99,205.69,546.85,ONLINE,ONLINE,5.4685,87.937,252.14,70.52,AVAILABLE,60,0.0911,1.4656
2026-03-01 08:15:00,1.17,64.35,11.01,169.82,549.97,ONLINE,ONLINE,5.408,85.7008,251.87,71.42,AVAILABLE,60,0.0901,1.4283
2026-03-01 08:16:00,0.97,67.58,10.95,187.95,553.08,ONLINE,ONLINE,5.3465,83.9685,251.94,73.33,AVAILABLE,60,0.0891,1.3995
2026-03-01 08:17:00,1.33,65.96,10.98,165.15,556.18,ONLINE,ONLINE,5.5618,87.8237,251.52,71.31,AVAILABLE,60,0.0927,1.4637
2026-03-01 08:18:00,1.2,68.26,11.12,181.79,559.27,ONLINE,ONLINE,5.5926,88.9235,251.73,70.28,AVAILABLE,60,0.0932,1.4821
2026-03-01 08:19:00,1.5,65.66,11.52,193.86,562.33,ONLINE,ONLINE,5.4359,92.1534,251.66,75.13,AVAILABLE,60,0.0906,1.5359
2026-03-01 08:20:00,1.46,66.88,10.7,166.42,565.39,ONLINE,ONLINE,5.6539,85.5682,252.17,70.78,AVAILABLE,60,0.0942,1.4261
2026-03-01 08:21:00,1.37,66.12,10.85,194.17,568.43,ONLINE,ONLINE,5.5896,84.2747,251.71,72.49,AVAILABLE,60,0.0932,1.4046
2026-03-01 08:22:00,1.34,66.98,10.92,161.8,571.45,ONLINE,ONLINE,5.6194,87.365,252.0,75.28,AVAILABLE,60,0.0937,1.4561
2026-03-01 08:23:00,1.48,65.56,10.68,171.35,574.45,ONLINE,ONLINE,5.7447,85.4064,251.02,72.67,AVAILABLE,60,0.0957,1.4234
2026-03-01 08:24:00,1.52,67.7,11.1,181.42,577.45,ONLINE,ONLINE,5.6784,88.7945,250.27,70.89,AVAILABLE,60,0.0946,1.4799
2026-03-01 08:25:00,1.35,67.69,11.01,161.65,580.45,ONLINE,ONLINE,5.8046,86.74,250.71,70.74,AVAILABLE,60,0.0967,1.4457
2026-03-01 08:26:00,1.27,66.43,10.75,186.23,583.43,ONLINE,ONLINE,5.8343,82.1542,250.94,71.09,AVAILABLE,60,0.0972,1.3692
2026-03-01 08:27:00,1.28,69.06,10.96,168.02,586.39,ONLINE,ONLINE,5.8639,86.3227,251.33,71.16,AVAILABLE,60,0.0977,1.4387
2026-03-01 08:28:00,1.58,67.25,11.1,178.5,589.33,ONLINE,ONLINE,5.8933,88.7696,250.98,71.28,AVAILABLE,60,0.0982,1.4795
2026-03-01 08:29:00,1.56,64.82,10.8,175.37,592.27,ONLINE,ONLINE,5.9226,86.3827,250.49,73.1,AVAILABLE,60,0.0987,1.4397
2026-03-01 08:30:00,1.55,67.67,10.87,184.65,595.18,ONLINE,ONLINE,5.9518,86.975,251.64,69.67,AVAILABLE,60,0.0992,1.4496
2026-03-01 08:31:00,1.48,65.82,10.53,175.28,598.08,ONLINE,ONLINE,5.9808,84.2357,250.4,72.68,AVAILABLE,60,0.0997,1.4039
2026-03-01 08:32:00,1.57,67.69,11.34,176.7,600.97,ONLINE,ONLINE,6.0097,90.7105,249.71,71.37,AVAILABLE,60,0.1002,1.5118
2026-03-01 08:33:00,1.8,69.17,11.56,185.95,603.85,ONLINE,ONLINE,5.8372,92.5084,250.35,72.96,AVAILABLE,60,0.0973,1.5418
2026-03-01 08:34:00,1.7,64.32,10.94,179.61,606.71,ONLINE,ONLINE,5.966,87.554,248.99,73.49,AVAILABLE,60,0.0994,1.4592
2026-03-01 08:35:00,1.82,65.58,10.85,163.18,609.56,ONLINE,ONLINE,5.994,86.8093,248.68,72.61,AVAILABLE,60,0.0999,1.4468
2026-03-01 08:36:00,1.96,66.93,11.45,164.52,612.39,ONLINE,ONLINE,5.9197,90.1306,250.24,70.97,AVAILABLE,60,0.0987,1.5022
2026-03-01 08:37:00,1.8,65.3,11.11,162.72,615.21,ONLINE,ONLINE,6.0498,87.2389,249.81,73.12,AVAILABLE,60,0.1008,1.454
2026-03-01 08:38:00,2.02,66.08,11.0,184.57,618.02,ONLINE,ONLINE,5.9741,88.0332,250.17,71.08,AVAILABLE,60,0.0996,1.4672
2026-03-01 08:39:00,1.82,64.58,10.71,169.95,620.81,ONLINE,ONLINE,6.2081,85.7126,248.53,72.01,AVAILABLE,60,0.1035,1.4285
2026-03-01 08:40:00,1.98,66.22,10.78,171.53,623.58,ONLINE,ONLINE,6.1321,86.264,248.03,73.81,AVAILABLE,60,0.1022,1.4377
2026-03-01 08:41:00,1.86,66.41,11.13,173.71,626.35,ONLINE,ONLINE,6.1592,89.0001,249.39,72.14,AVAILABLE,60,0.1027,1.4833
2026-03-01 08:42:00,1.82,67.36,10.72,181.12,629.1,ONLINE,ONLINE,6.291,83.0963,249.11,73.41,AVAILABLE,60,0.1048,1.3849
2026-03-01 08:43:00,2.05,65.69,11.09,158.47,631.83,ONLINE,ONLINE,6.3184,88.7138,248.94,73.4,AVAILABLE,60,0.1053,1.4786
2026-03-01 08:44:00,2.23,64.64,11.12,181.59,634.56,ONLINE,ONLINE,6.3456,88.9807,249.69,70.7,AVAILABLE,60,0.1058,1.483
2026-03-01 08:45:00,2.07,70.03,11.28,166.74,637.26,ONLINE,ONLINE,6.3726,90.261,248.89,69.06,AVAILABLE,60,0.1062,1.5044
2026-03-01 08:46:00,1.99,65.79,11.3,179.37,639.96,ONLINE,ONLINE,6.3996,90.4137,247.31,73.97,AVAILABLE,60,0.1067,1.5069
2026-03-01 08:47:00,2.16,65.32,10.9,197.6,642.64,ONLINE,ONLINE,6.3194,87.1962,249.14,73.61,AVAILABLE,60,0.1053,1.4533
2026-03-01 08:48:00,2.28,65.69,10.65,184.97,645.31,ONLINE,ONLINE,6.4531,85.2109,247.7,72.16,AVAILABLE,60,0.1076,1.4202
2026-03-01 08:49:00,2.09,68.13,11.3,177.28,647.96,ONLINE,ONLINE,6.4796,89.1961,247.8,73.82,AVAILABLE,60,0.108,1.4866
2026-03-01 08:50:00,2.16,64.42,10.9,188.32,650.6,ONLINE,ONLINE,6.506,87.2274,247.99,72.53,AVAILABLE,60,0.1084,1.4538
2026-03-01 08:51:00,2.46,67.72,11.04,194.68,653.23,ONLINE,ONLINE,6.4232,81.5792,248.29,71.35,AVAILABLE,60,0.1071,1.3597
2026-03-01 08:52:00,2.18,66.56,11.34,164.15,655.84,ONLINE,ONLINE,6.4489,89.586,247.68,72.73,AVAILABLE,60,0.1075,1.4931
2026-03-01 08:53:00,2.36,64.33,11.26,189.27,658.43,ONLINE,ONLINE,6.4748,90.0515,248.36,72.48,AVAILABLE,60,0.1079,1.5009
2026-03-01 08:54:00,2.44,67.64,10.59,183.6,661.02,ONLINE,ONLINE,6.6102,84.6863,248.42,73.77,AVAILABLE,60,0.1102,1.4114
2026-03-01 08:55:00,2.41,64.66,11.12,195.94,663.59,ONLINE,ONLINE,6.6359,87.1284,247.37,71.93,AVAILABLE,60,0.1106,1.4521
2026-03-01 08:56:00,2.42,67.86,10.98,177.24,666.14,ONLINE,ONLINE,6.6614,87.8061,249.91,72.3,AVAILABLE,60,0.111,1.4634
2026-03-01 08:57:00,2.39,68.26,10.87,174.53,668.68,ONLINE,ONLINE,6.6869,86.9652,247.28,72.73,AVAILABLE,60,0.1114,1.4494
2026-03-01 08:58:00,2.52,66.65,10.92,170.18,671.22,ONLINE,ONLINE,6.6004,87.3683,246.98,71.03,AVAILABLE,60,0.11,1.4561
2026-03-01 08:59:00,2.51,66.7,10.64,177.31,673.73,ONLINE,ONLINE,6.7373,80.5863,247.62,72.52,AVAILABLE,60,0.1123,1.3431
2026-03-01 09:00:00,2.58,61.29,11.33,166.75,676.23,ONLINE,ONLINE,6.7623,88.8675,246.99,73.39,AVAILABLE,60,0.1127,1.4811
2026-03-01 09:01:00,2.66,65.64,10.88,176.16,678.71,ONLINE,ONLINE,6.7871,82.8495,247.04,71.88,AVAILABLE,60,0.1131,1.3808
2026-03-01 09:02:00,2.73,64.31,10.97,175.72,681.19,ONLINE,ONLINE,6.8119,87.7735,248.22,71.7,AVAILABLE,60,0.1135,1.4629
2026-03-01 09:03:00,2.57,65.54,11.1,177.33,683.64,ONLINE,ONLINE,6.8364,88.7601,246.64,72.92,AVAILABLE,60,0.1139,1.4793
2026-03-01 09:04:00,2.77,65.3,10.53,193.95,686.09,ONLINE,ONLINE,6.7465,84.2727,247.09,69.98,AVAILABLE,60,0.1124,1.4045
2026-03-01 09:05:00,2.54,67.06,10.95,171.39,688.52,ONLINE,ONLINE,6.7705,86.1062,246.17,72.16,AVAILABLE,60,0.1128,1.4351
2026-03-01 09:06:00,2.69,66.37,11.08,186.17,690.94,ONLINE,ONLINE,6.6788,88.6376,247.26,71.87,AVAILABLE,60,0.1113,1.4773
2026-03-01 09:07:00,2.8,64.52,10.61,183.72,693.34,ONLINE,ONLINE,6.9334,83.5915,246.72,71.69,AVAILABLE,60,0.1156,1.3932
2026-03-01 09:08:00,2.87,64.46,11.11,174.5,695.73,ONLINE,ONLINE,6.8414,88.8752,246.3,73.16,AVAILABLE,60,0.114,1.4813
2026-03-01 09:09:00,2.67,64.64,11.16,174.88,698.1,ONLINE,ONLINE,6.981,87.788,245.49,71.49,AVAILABLE,60,0.1164,1.4631
2026-03-01 09:10:00,2.82,66.52,11.05,170.62,700.46,ONLINE,ONLINE,7.0046,87.0697,246.68,71.1,AVAILABLE,60,0.1167,1.4512
2026-03-01 09:11:00,2.69,65.57,10.74,178.14,702.81,ONLINE,ONLINE,6.9108,84.0958,246.26,72.81,AVAILABLE,60,0.1152,1.4016
2026-03-01 09:12:00,2.78,66.44,11.01,162.53,705.14,ONLINE,ONLINE,6.8163,86.3348,246.02,72.24,AVAILABLE,60,0.1136,1.4389
2026-03-01 09:13:00,3.0,65.36,10.94,170.38,707.47,ONLINE,ONLINE,6.9567,87.5378,246.01,72.3,AVAILABLE,60,0.1159,1.459
2026-03-01 09:14:00,2.81,65.23,11.02,179.35,709.77,ONLINE,ONLINE,7.0977,88.1704,246.72,74.05,AVAILABLE,60,0.1183,1.4695
2026-03-01 09:15:00,2.95,70.04,10.93,180.22,712.06,ONLINE,ONLINE,7.1206,86.1086,245.3,74.92,AVAILABLE,60,0.1187,1.4351
2026-03-01 09:16:00,3.11,66.6,11.24,178.5,714.34,ONLINE,ONLINE,7.0244,89.9342,246.02,72.17,AVAILABLE,60,0.1171,1.4989
2026-03-01 09:17:00,3.06,65.84,11.33,179.47,716.6,ONLINE,ONLINE,7.166,89.2075,244.72,75.23,AVAILABLE,60,0.1194,1.4868
2026-03-01 09:18:00,2.99,66.69,11.23,200.53,718.85,ONLINE,ONLINE,7.1885,89.8095,245.53,71.84,AVAILABLE,60,0.1198,1.4968
2026-03-01 09:19:00,3.03,66.47,11.1,168.2,721.09,ONLINE,ONLINE,7.0908,88.8243,246.29,74.87,AVAILABLE,60,0.1182,1.4804
2026-03-01 09:20:00,3.25,67.59,10.78,174.38,723.31,ONLINE,ONLINE,7.2331,84.9223,245.09,74.57,AVAILABLE,60,0.1206,1.4154
2026-03-01 09:21:00,3.21,65.09,10.68,170.34,725.52,ONLINE,ONLINE,7.0134,83.6477,245.39,72.9,AVAILABLE,60,0.1169,1.3941
2026-03-01 09:22:00,3.14,66.54,10.71,177.09,727.72,ONLINE,ONLINE,7.1559,82.7709,245.15,75.96,AVAILABLE,60,0.1193,1.3795
2026-03-01 09:23:00,3.1,65.75,11.01,179.34,729.9,ONLINE,ONLINE,7.299,86.9449,246.02,72.49,AVAILABLE,60,0.1216,1.4491
2026-03-01 09:24:00,3.39,67.56,10.64,144.54,732.06,ONLINE,ONLINE,7.3206,83.3599,244.09,72.26,AVAILABLE,60,0.122,1.3893
2026-03-01 09:25:00,3.24,66.3,10.89,176.08,734.22,ONLINE,ONLINE,7.3422,87.1238,244.61,74.22,AVAILABLE,60,0.1224,1.4521
2026-03-01 09:26:00,3.36,65.09,11.16,193.96,736.36,ONLINE,ONLINE,7.3635,89.2631,244.84,75.65,AVAILABLE,60,0.1227,1.4877
2026-03-01 09:27:00,3.24,67.28,10.72,186.34,738.48,ONLINE,ONLINE,7.2616,85.7918,244.93,70.64,AVAILABLE,60,0.121,1.4299
2026-03-01 09:28:00,3.28,69.56,11.25,196.76,740.59,ONLINE,ONLINE,7.4059,90.0009,245.16,73.35,AVAILABLE,60,0.1234,1.5
2026-03-01 09:29:00,3.2,65.28,10.37,180.03,742.69,ONLINE,ONLINE,7.303,81.5558,245.16,72.7,AVAILABLE,60,0.1217,1.3593
2026-03-01 09:30:00,3.36,67.28,11.04,180.3,744.77,ONLINE,ONLINE,7.3236,88.2898,245.09,72.12,AVAILABLE,60,0.1221,1.4715
2026-03-01 09:31:00,3.61,68.3,11.4,179.6,746.84,ONLINE,ONLINE,7.4684,91.2061,244.21,71.87,AVAILABLE,60,0.1245,1.5201
2026-03-01 09:32:00,3.51,65.8,10.89,174.87,748.9,ONLINE,ONLINE,7.364,87.1257,243.96,70.43,AVAILABLE,60,0.1227,1.4521
2026-03-01 09:33:00,3.55,65.06,10.8,175.95,750.94,ONLINE,ONLINE,7.5094,86.393,244.91,72.91,AVAILABLE,60,0.1252,1.4399
2026-03-01 09:34:00,3.68,66.07,11.15,163.01,752.97,ONLINE,ONLINE,7.5297,89.222,243.34,73.27,AVAILABLE,60,0.1255,1.487
2026-03-01 09:35:00,3.75,66.67,10.47,169.16,754.98,ONLINE,ONLINE,7.5498,83.7922,243.14,71.89,AVAILABLE,60,0.1258,1.3965
2026-03-01 09:36:00,3.64,67.12,10.94,177.66,756.98,ONLINE,ONLINE,7.4435,87.5507,243.76,70.78,AVAILABLE,60,0.1241,1.4592
2026-03-01 09:37:00,3.84,66.18,10.88,165.65,758.97,ONLINE,ONLINE,7.4633,86.9999,243.66,74.72,AVAILABLE,60,0.1244,1.45
2026-03-01 09:38:00,3.62,66.2,10.83,149.85,760.94,ONLINE,ONLINE,7.3557,86.672,244.62,74.45,AVAILABLE,60,0.1226,1.4445
2026-03-01 09:39:00,3.72,64.78,11.14,178.23,762.9,ONLINE,ONLINE,7.5018,89.0924,243.71,73.41,AVAILABLE,60,0.125,1.4849
2026-03-01 09:40:00,3.86,66.42,11.13,176.6,764.84,ONLINE,ONLINE,7.521,89.0605,243.54,73.21,AVAILABLE,60,0.1254,1.4843
2026-03-01 09:41:00,3.85,67.67,10.88,183.78,766.77,ONLINE,ONLINE,7.6677,87.0065,244.32,71.98,AVAILABLE,60,0.1278,1.4501
2026-03-01 09:42:00,3.79,67.88,11.54,154.02,768.69,ONLINE,ONLINE,7.5587,92.334,243.47,75.02,AVAILABLE,60,0.126,1.5389
2026-03-01 09:43:00,3.77,66.71,11.08,184.14,770.59,ONLINE,ONLINE,7.7059,86.9171,243.6,72.63,AVAILABLE,60,0.1284,1.4486
2026-03-01 09:44:00,3.7,65.77,10.88,167.31,772.48,ONLINE,ONLINE,7.7248,85.6207,242.54,74.09,AVAILABLE,60,0.1287,1.427
2026-03-01 09:45:00,3.83,69.75,11.2,190.13,774.36,ONLINE,ONLINE,7.7436,89.5947,243.46,71.72,AVAILABLE,60,0.1291,1.4932
2026-03-01 09:46:00,3.85,66.19,10.84,176.79,776.22,ONLINE,ONLINE,7.7622,86.7216,243.0,72.64,AVAILABLE,60,0.1294,1.4454
2026-03-01 09:47:00,3.88,65.55,10.87,186.71,778.07,ONLINE,ONLINE,7.7807,85.379,243.79,73.34,AVAILABLE,60,0.1297,1.423
2026-03-01 09:48:00,3.86,64.04,10.77,196.32,779.9,ONLINE,ONLINE,7.409,83.4708,241.64,70.77,AVAILABLE,60,0.1235,1.3912
2026-03-01 09:49:00,4.15,66.06,10.88,171.64,781.72,ONLINE,ONLINE,7.687,87.0155,241.12,71.74,AVAILABLE,60,0.1281,1.4503
2026-03-01 09:50:00,3.96,65.57,10.73,181.47,783.52,ONLINE,ONLINE,7.7047,85.8537,242.4,71.98,AVAILABLE,60,0.1284,1.4309
2026-03-01 09:51:00,4.17,67.25,10.84,187.7,785.32,ONLINE,ONLINE,7.8532,86.7274,242.94,70.11,AVAILABLE,60,0.1309,1.4455
2026-03-01 09:52:00,4.04,67.13,11.32,191.05,787.09,ONLINE,ONLINE,7.7397,90.5153,242.15,72.45,AVAILABLE,60,0.129,1.5086
2026-03-01 09:53:00,4.27,65.66,10.73,192.1,788.86,ONLINE,ONLINE,7.757,85.8403,242.74,71.1,AVAILABLE,60,0.1293,1.4307
2026-03-01 09:54:00,4.27,66.99,10.91,212.68,790.61,ONLINE,ONLINE,7.9061,87.2567,242.96,73.52,AVAILABLE,60,0.1318,1.4543
2026-03-01 09:55:00,4.19,66.16,11.32,146.81,792.34,ONLINE,ONLINE,7.7914,89.2413,242.29,72.86,AVAILABLE,60,0.1299,1.4874
2026-03-01 09:56:00,4.24,69.16,11.26,191.29,794.07,ONLINE,ONLINE,7.8084,90.0511,241.84,74.48,AVAILABLE,60,0.1301,1.5009
2026-03-01 09:57:00,4.16,66.16,11.02,195.42,795.77,ONLINE,ONLINE,7.8252,88.1339,242.32,73.91,AVAILABLE,60,0.1304,1.4689
2026-03-01 09:58:00,4.41,67.23,10.83,185.53,797.47,ONLINE,ONLINE,7.5761,85.2959,241.27,73.29,AVAILABLE,60,0.1263,1.4216
2026-03-01 09:59:00,4.12,66.18,10.98,153.62,799.15,ONLINE,ONLINE,7.9915,87.8534,241.99,71.97,AVAILABLE,60,0.1332,1.4642
2026-03-01 10:00:00,4.27,66.53,10.64,187.88,800.82,ONLINE,ONLINE,7.8746,85.1415,241.53,69.2,AVAILABLE,60,0.1312,1.419
2026-03-01 10:01:00,4.49,68.02,11.19,168.54,802.47,ONLINE,ONLINE,7.8909,89.483,242.02,73.86,AVAILABLE,60,0.1315,1.4914
2026-03-01 10:02:00,4.43,65.56,10.96,139.51,804.11,ONLINE,ONLINE,8.0411,86.548,240.89,72.37,AVAILABLE,60,0.134,1.4425
2026-03-01 10:03:00,4.53,69.44,10.74,152.91,805.73,ONLINE,ONLINE,8.0573,85.8852,241.24,70.23,AVAILABLE,60,0.1343,1.4314
2026-03-01 10:04:00,4.57,66.81,10.95,168.79,807.35,ONLINE,ONLINE,7.9388,86.1064,240.72,71.29,AVAILABLE,60,0.1323,1.4351
2026-03-01 10:05:00,4.54,65.38,10.91,197.62,808.94,ONLINE,ONLINE,7.9547,85.8638,241.93,71.76,AVAILABLE,60,0.1326,1.4311
2026-03-01 10:06:00,4.53,67.42,10.68,195.15,810.53,ONLINE,ONLINE,7.9701,85.434,241.31,72.93,AVAILABLE,60,0.1328,1.4239
2026-03-01 10:07:00,4.4,64.53,11.14,167.17,812.1,ONLINE,ONLINE,8.121,87.3965,240.21,72.45,AVAILABLE,60,0.1353,1.4566
2026-03-01 10:08:00,4.54,65.32,11.1,167.44,813.65,ONLINE,ONLINE,8.0009,87.0253,242.05,73.9,AVAILABLE,60,0.1333,1.4504
2026-03-01 10:09:00,4.77,68.02,11.07,176.13,815.19,ONLINE,ONLINE,8.1519,88.5496,241.41,71.41,AVAILABLE,60,0.1359,1.4758
2026-03-01 10:10:00,4.73,65.29,11.0,185.37,816.72,ONLINE,ONLINE,8.0312,88.0024,239.19,71.44,AVAILABLE,60,0.1339,1.4667
2026-03-01 10:11:00,4.61,70.89,10.73,173.71,818.23,ONLINE,ONLINE,8.0459,85.8031,240.47,72.32,AVAILABLE,60,0.1341,1.4301
2026-03-01 10:12:00,4.77,67.48,10.94,150.61,819.73,ONLINE,ONLINE,8.1973,87.4993,241.31,71.49,AVAILABLE,60,0.1366,1.4583
2026-03-01 10:13:00,4.71,65.69,11.14,161.82,821.22,ONLINE,ONLINE,7.9385,89.1524,240.68,73.42,AVAILABLE,60,0.1323,1.4859
2026-03-01 10:14:00,4.95,64.49,11.15,155.48,822.69,ONLINE,ONLINE,8.2269,89.2225,239.67,72.54,AVAILABLE,60,0.1371,1.487
2026-03-01 10:15:00,4.87,64.91,10.94,185.57,824.15,ONLINE,ONLINE,8.2415,87.5442,240.1,70.62,AVAILABLE,60,0.1374,1.4591
2026-03-01 10:16:00,4.92,66.24,10.84,174.64,825.6,ONLINE,ONLINE,8.1183,85.401,239.56,72.2,AVAILABLE,60,0.1353,1.4233
2026-03-01 10:17:00,4.8,67.98,11.03,160.84,827.03,ONLINE,ONLINE,8.2703,88.2748,240.2,74.33,AVAILABLE,60,0.1378,1.4712
2026-03-01 10:18:00,4.68,68.74,11.16,187.41,828.44,ONLINE,ONLINE,8.2844,86.8206,240.25,73.11,AVAILABLE,60,0.1381,1.447
2026-03-01 10:19:00,4.82,65.74,11.0,171.16,829.85,ONLINE,ONLINE,8.2985,86.4379,240.11,73.83,AVAILABLE,60,0.1383,1.4406
2026-03-01 10:20:00,4.88,64.88,11.01,163.59,831.24,ONLINE,ONLINE,8.3124,88.0762,239.8,70.77,AVAILABLE,60,0.1385,1.4679
2026-03-01 10:21:00,4.92,66.35,10.9,201.28,832.61,ONLINE,ONLINE,8.3261,87.1591,239.82,74.19,AVAILABLE,60,0.1388,1.4527
2026-03-01 10:22:00,5.07,66.37,11.11,167.19,833.97,ONLINE,ONLINE,8.3397,87.5174,238.66,70.76,AVAILABLE,60,0.139,1.4586
2026-03-01 10:23:00,4.92,65.19,10.91,173.64,835.32,ONLINE,ONLINE,8.2139,87.2665,238.97,71.65,AVAILABLE,60,0.1369,1.4544
2026-03-01 10:24:00,5.17,68.11,10.77,182.3,836.66,ONLINE,ONLINE,8.2271,85.0031,240.15,72.71,AVAILABLE,60,0.1371,1.4167
2026-03-01 10:25:00,5.04,64.88,10.81,199.41,837.97,ONLINE,ONLINE,8.3797,83.956,239.2,73.97,AVAILABLE,60,0.1397,1.3993
2026-03-01 10:26:00,5.13,66.24,11.2,183.41,839.28,ONLINE,ONLINE,8.3928,89.6068,239.18,72.9,AVAILABLE,60,0.1399,1.4934
2026-03-01 10:27:00,5.24,63.1,10.87,165.2,840.57,ONLINE,ONLINE,8.2657,84.3586,238.16,71.2,AVAILABLE,60,0.1378,1.406
2026-03-01 10:28:00,5.12,69.52,11.21,187.75,841.85,ONLINE,ONLINE,8.4185,88.073,239.23,73.54,AVAILABLE,60,0.1403,1.4679
2026-03-01 10:29:00,5.36,68.72,10.97,196.61,843.11,ONLINE,ONLINE,8.2907,86.3966,238.58,72.1,AVAILABLE,60,0.1382,1.4399
2026-03-01 10:30:00,5.4,66.06,10.73,182.96,844.36,ONLINE,ONLINE,8.3029,84.6319,238.85,71.26,AVAILABLE,60,0.1384,1.4105
2026-03-01 10:31:00,5.25,67.22,11.09,176.15,845.6,ONLINE,ONLINE,8.456,88.7378,239.2,70.67,AVAILABLE,60,0.1409,1.479
2026-03-01 10:32:00,5.24,68.63,11.16,175.84,846.82,ONLINE,ONLINE,8.4682,87.7085,238.34,73.75,AVAILABLE,60,0.1411,1.4618
2026-03-01 10:33:00,5.2,64.56,11.04,188.4,848.03,ONLINE,ONLINE,8.1976,88.3449,237.79,69.61,AVAILABLE,60,0.1366,1.4724
2026-03-01 10:34:00,5.32,64.88,11.0,178.19,849.23,ONLINE,ONLINE,8.4922,86.3304,237.52,70.33,AVAILABLE,60,0.1415,1.4388
2026-03-01 10:35:00,5.49,65.28,11.8,219.63,850.4,ONLINE,ONLINE,8.3624,94.3902,238.93,71.07,AVAILABLE,60,0.1394,1.5732
2026-03-01 10:36:00,5.71,66.02,10.81,203.52,851.57,ONLINE,ONLINE,8.3739,86.4966,238.69,73.65,AVAILABLE,60,0.1396,1.4416
2026-03-01 10:37:00,5.36,64.67,11.06,177.0,852.73,ONLINE,ONLINE,8.5272,88.4755,238.02,72.08,AVAILABLE,60,0.1421,1.4746
2026-03-01 10:38:00,5.62,65.12,11.24,181.81,853.86,ONLINE,ONLINE,8.5386,88.3502,237.89,73.05,AVAILABLE,60,0.1423,1.4725
2026-03-01 10:39:00,5.68,64.75,10.99,168.33,854.99,ONLINE,ONLINE,8.4075,86.6979,237.37,72.86,AVAILABLE,60,0.1401,1.445
2026-03-01 10:40:00,5.48,65.2,11.01,189.58,856.1,ONLINE,ONLINE,8.2756,88.0582,237.33,72.89,AVAILABLE,60,0.1379,1.4676
2026-03-01 10:41:00,5.66,69.55,10.55,196.16,857.2,ONLINE,ONLINE,8.429,84.3726,237.01,72.57,AVAILABLE,60,0.1405,1.4062
2026-03-01 10:42:00,5.51,68.06,11.36,187.43,858.28,ONLINE,ONLINE,8.5828,90.897,237.28,70.16,AVAILABLE,60,0.143,1.515
2026-03-01 10:43:00,5.67,65.27,10.87,164.64,859.35,ONLINE,ONLINE,8.4503,85.5869,238.05,69.4,AVAILABLE,60,0.1408,1.4264
2026-03-01 10:44:00,5.6,67.52,11.13,166.94,860.41,ONLINE,ONLINE,8.6041,89.068,237.7,72.73,AVAILABLE,60,0.1434,1.4845
2026-03-01 10:45:00,5.67,66.73,11.17,172.28,861.45,ONLINE,ONLINE,8.6145,89.3437,236.72,73.66,AVAILABLE,60,0.1436,1.4891
2026-03-01 10:46:00,5.73,64.53,10.98,208.64,862.48,ONLINE,ONLINE,8.6248,86.103,236.92,74.32,AVAILABLE,60,0.1437,1.4351
2026-03-01 10:47:00,5.73,66.57,11.25,184.68,863.48,ONLINE,ONLINE,8.6349,89.9616,237.15,72.37,AVAILABLE,60,0.1439,1.4994
2026-03-01 10:48:00,5.77,67.24,10.77,144.78,864.48,ONLINE,ONLINE,8.5007,86.1884,236.32,73.33,AVAILABLE,60,0.1417,1.4365
2026-03-01 10:49:00,5.8,68.0,11.13,170.78,865.48,ONLINE,ONLINE,8.6548,87.4397,235.9,74.65,AVAILABLE,60,0.1442,1.4573
2026-03-01 10:50:00,5.97,64.86,10.85,160.4,866.45,ONLINE,ONLINE,8.6645,85.2225,236.86,73.24,AVAILABLE,60,0.1444,1.4204
2026-03-01 10:51:00,5.95,66.55,10.94,165.26,867.41,ONLINE,ONLINE,8.6741,85.8421,236.68,71.4,AVAILABLE,60,0.1446,1.4307
2026-03-01 10:52:00,6.11,69.05,11.04,173.63,868.35,ONLINE,ONLINE,8.5387,88.313,236.87,71.74,AVAILABLE,60,0.1423,1.4719
2026-03-01 10:53:00,6.09,62.28,10.76,176.06,869.28,ONLINE,ONLINE,8.6928,86.0829,236.42,73.82,AVAILABLE,60,0.1449,1.4347
2026-03-01 10:54:00,6.02,65.5,10.33,179.81,870.2,ONLINE,ONLINE,8.702,82.6214,235.68,70.35,AVAILABLE,60,0.145,1.377
2026-03-01 10:55:00,6.02,66.55,11.49,185.0,871.1,ONLINE,ONLINE,8.5659,91.9414,236.27,70.12,AVAILABLE,60,0.1428,1.5324
2026-03-01 10:56:00,6.19,65.28,10.88,189.43,871.99,ONLINE,ONLINE,8.7199,87.0758,235.76,71.1,AVAILABLE,60,0.1453,1.4513
2026-03-01 10:57:00,6.11,66.87,11.18,196.78,872.87,ONLINE,ONLINE,8.4377,89.4079,235.95,74.09,AVAILABLE,60,0.1406,1.4901
2026-03-01 10:58:00,6.12,67.79,10.96,171.55,873.72,ONLINE,ONLINE,8.5917,87.7161,235.76,72.17,AVAILABLE,60,0.1432,1.4619
2026-03-01 10:59:00,6.15,68.0,11.19,173.84,874.58,ONLINE,ONLINE,8.6,87.8961,235.57,73.83,AVAILABLE,60,0.1433,1.4649
2026-03-01 11:00:00,6.17,66.96,10.84,189.67,875.41,ONLINE,ONLINE,8.7541,86.7266,236.2,72.61,AVAILABLE,60,0.1459,1.4454
2026-03-01 11:01:00,6.16,65.14,10.91,151.89,876.23,ONLINE,ONLINE,8.7623,86.1633,235.02,71.61,AVAILABLE,60,0.146,1.4361
2026-03-01 11:02:00,6.33,64.39,10.85,163.45,877.03,ONLINE,ONLINE,8.6242,86.8369,236.18,71.16,AVAILABLE,60,0.1437,1.4473
2026-03-01 11:03:00,6.16,66.39,11.27,165.09,877.83,ONLINE,ONLINE,8.7782,90.1327,234.68,73.95,AVAILABLE,60,0.1463,1.5022
2026-03-01 11:04:00,6.36,64.62,11.18,160.16,878.6,ONLINE,ONLINE,8.786,89.4174,235.34,73.25,AVAILABLE,60,0.1464,1.4903
2026-03-01 11:05:00,6.5,63.05,11.12,169.72,879.36,ONLINE,ONLINE,8.7937,88.9828,235.25,75.29,AVAILABLE,60,0.1466,1.483
2026-03-01 11:06:00,6.26,68.05,10.71,192.59,880.12,ONLINE,ONLINE,8.6545,84.5696,236.38,72.25,AVAILABLE,60,0.1442,1.4095
2026-03-01 11:07:00,6.45,66.33,10.79,176.25,880.85,ONLINE,ONLINE,8.8085,84.9858,235.66,71.69,AVAILABLE,60,0.1468,1.4164
2026-03-01 11:08:00,6.43,66.14,10.75,167.96,881.58,ONLINE,ONLINE,8.8157,84.9544,234.12,70.99,AVAILABLE,60,0.1469,1.4159
2026-03-01 11:09:00,6.51,63.9,11.05,174.63,882.28,ONLINE,ONLINE,8.8228,88.4111,234.94,71.27,AVAILABLE,60,0.147,1.4735
2026-03-01 11:10:00,6.41,67.6,10.62,161.89,882.98,ONLINE,ONLINE,8.8298,83.7252,235.2,73.48,AVAILABLE,60,0.1472,1.3954
2026-03-01 11:11:00,6.62,68.33,11.14,168.84,883.66,ONLINE,ONLINE,8.6893,89.1434,234.72,73.52,AVAILABLE,60,0.1448,1.4857
2026-03-01 11:12:00,6.61,66.19,10.59,170.38,884.33,ONLINE,ONLINE,8.6958,82.2544,234.95,72.54,AVAILABLE,60,0.1449,1.3709
2026-03-01 11:13:00,6.67,66.65,11.21,177.34,884.98,ONLINE,ONLINE,8.5548,89.7191,234.94,73.93,AVAILABLE,60,0.1426,1.4953
2026-03-01 11:14:00,6.55,68.02,10.87,151.38,885.62,ONLINE,ONLINE,8.8562,85.1134,234.82,73.06,AVAILABLE,60,0.1476,1.4186
2026-03-01 11:15:00,6.66,65.28,11.23,182.28,886.24,ONLINE,ONLINE,8.7147,86.6905,233.5,72.0,AVAILABLE,60,0.1452,1.4448
2026-03-01 11:16:00,6.86,67.59,10.8,169.87,886.85,ONLINE,ONLINE,8.7208,86.439,233.84,73.17,AVAILABLE,60,0.1453,1.4406
2026-03-01 11:17:00,6.63,68.2,11.16,183.36,887.45,ONLINE,ONLINE,8.8745,89.304,233.25,72.6,AVAILABLE,60,0.1479,1.4884
2026-03-01 11:18:00,6.84,68.77,11.22,167.31,888.04,ONLINE,ONLINE,8.7324,88.2108,234.43,72.41,AVAILABLE,60,0.1455,1.4702
2026-03-01 11:19:00,6.75,66.47,11.49,169.72,888.6,ONLINE,ONLINE,8.738,90.0637,233.7,73.74,AVAILABLE,60,0.1456,1.5011
2026-03-01 11:20:00,6.64,65.61,11.43,181.41,889.16,ONLINE,ONLINE,8.8916,91.4435,233.62,72.52,AVAILABLE,60,0.1482,1.5241
2026-03-01 11:21:00,6.98,65.65,11.09,164.95,889.7,ONLINE,ONLINE,8.897,88.7384,234.52,73.91,AVAILABLE,60,0.1483,1.479
2026-03-01 11:22:00,6.79,65.27,10.98,192.62,890.23,ONLINE,ONLINE,8.9023,87.8541,233.9,72.95,AVAILABLE,60,0.1484,1.4642
2026-03-01 11:23:00,6.97,66.56,10.82,169.72,890.74,ONLINE,ONLINE,8.9074,86.5722,233.03,71.79,AVAILABLE,60,0.1485,1.4429
2026-03-01 11:24:00,7.0,67.82,11.05,193.71,891.24,ONLINE,ONLINE,8.9124,87.1059,231.77,74.86,AVAILABLE,60,0.1485,1.4518
2026-03-01 11:25:00,6.96,66.8,11.06,172.73,891.73,ONLINE,ONLINE,8.7687,88.4467,233.6,72.81,AVAILABLE,60,0.1461,1.4741
2026-03-01 11:26:00,6.77,63.9,10.94,190.88,892.2,ONLINE,ONLINE,8.7734,86.0122,232.48,70.08,AVAILABLE,60,0.1462,1.4335
2026-03-01 11:27:00,6.9,63.08,10.91,183.12,892.66,ONLINE,ONLINE,8.9266,87.2767,233.26,72.36,AVAILABLE,60,0.1488,1.4546
2026-03-01 11:28:00,7.0,67.95,10.94,169.56,893.11,ONLINE,ONLINE,8.7822,86.3283,232.13,74.12,AVAILABLE,60,0.1464,1.4388
2026-03-01 11:29:00,6.97,67.87,11.19,178.55,893.53,ONLINE,ONLINE,8.6375,87.9421,233.54,72.03,AVAILABLE,60,0.144,1.4657
2026-03-01 11:30:00,6.85,66.91,11.26,182.25,893.95,ONLINE,ONLINE,8.7906,88.8122,232.17,74.26,AVAILABLE,60,0.1465,1.4802
2026-03-01 11:31:00,7.2,69.43,10.58,191.83,894.36,ONLINE,ONLINE,8.9436,84.6612,234.19,69.98,AVAILABLE,60,0.1491,1.411
2026-03-01 11:32:00,7.1,65.9,11.12,172.51,894.75,ONLINE,ONLINE,8.9474,84.5425,232.58,73.37,AVAILABLE,60,0.1491,1.409
2026-03-01 11:33:00,7.3,68.82,11.11,148.98,895.12,ONLINE,ONLINE,8.5036,87.0883,232.27,71.12,AVAILABLE,60,0.1417,1.4515
2026-03-01 11:34:00,7.2,66.2,10.96,198.5,895.48,ONLINE,ONLINE,8.9548,87.7046,232.24,71.94,AVAILABLE,60,0.1492,1.4617
2026-03-01 11:35:00,7.05,66.12,11.0,192.92,895.83,ONLINE,ONLINE,8.9583,86.3904,233.8,74.98,AVAILABLE,60,0.1493,1.4398
2026-03-01 11:36:00,7.2,67.75,11.42,191.24,896.16,ONLINE,ONLINE,8.8123,91.3909,231.28,71.57,AVAILABLE,60,0.1469,1.5232
2026-03-01 11:37:00,7.29,69.03,11.06,177.94,896.48,ONLINE,ONLINE,8.9648,87.2313,231.65,72.62,AVAILABLE,60,0.1494,1.4539
2026-03-01 11:38:00,7.02,62.79,11.39,186.28,896.78,ONLINE,ONLINE,8.8184,88.0668,233.01,72.38,AVAILABLE,60,0.147,1.4678
2026-03-01 11:39:00,7.2,64.11,11.15,175.18,897.08,ONLINE,ONLINE,8.8213,89.2048,232.82,72.38,AVAILABLE,60,0.147,1.4867
2026-03-01 11:40:00,7.39,65.12,10.72,183.77,897.36,ONLINE,ONLINE,8.6744,85.7637,232.49,72.37,AVAILABLE,60,0.1446,1.4294
2026-03-01 11:41:00,7.59,65.51,10.97,173.35,897.62,ONLINE,ONLINE,8.8266,87.7924,231.73,73.15,AVAILABLE,60,0.1471,1.4632
2026-03-01 11:42:00,7.33,67.16,11.05,182.3,897.88,ONLINE,ONLINE,8.8291,87.2399,231.82,72.02,AVAILABLE,60,0.1472,1.454
2026-03-01 11:43:00,7.66,63.67,11.0,180.08,898.11,ONLINE,ONLINE,8.9811,86.2719,230.68,72.95,AVAILABLE,60,0.1497,1.4379
2026-03-01 11:44:00,7.59,68.02,11.03,198.1,898.33,ONLINE,ONLINE,8.8336,86.5486,231.4,74.4,AVAILABLE,60,0.1472,1.4425
2026-03-01 11:45:00,7.59,65.75,11.22,183.3,898.54,ONLINE,ONLINE,8.6859,89.769,231.88,71.31,AVAILABLE,60,0.1448,1.4961
2026-03-01 11:46:00,7.44,67.79,11.26,184.52,898.73,ONLINE,ONLINE,8.8375,90.0688,231.17,71.98,AVAILABLE,60,0.1473,1.5011
2026-03-01 11:47:00,7.6,67.83,11.25,196.48,898.92,ONLINE,ONLINE,8.8393,88.8627,231.04,73.12,AVAILABLE,60,0.1473,1.481
2026-03-01 11:48:00,7.55,66.79,11.05,192.17,899.07,ONLINE,ONLINE,8.9908,88.3743,231.88,76.21,AVAILABLE,60,0.1498,1.4729
2026-03-01 11:49:00,7.77,66.06,10.9,173.15,899.24,ONLINE,ONLINE,8.9923,87.1876,231.54,71.53,AVAILABLE,60,0.1499,1.4531
2026-03-01 11:50:00,7.78,68.97,10.92,176.3,899.37,ONLINE,ONLINE,8.9937,85.0589,230.14,70.94,AVAILABLE,60,0.1499,1.4176
2026-03-01 11:51:00,7.91,68.98,11.17,207.49,899.49,ONLINE,ONLINE,8.845,87.696,231.18,75.21,AVAILABLE,60,0.1474,1.4616
2026-03-01 11:52:00,7.78,67.06,10.99,162.52,899.61,ONLINE,ONLINE,8.8461,85.0001,230.51,72.28,AVAILABLE,60,0.1474,1.4167
2026-03-01 11:53:00,7.65,65.91,11.22,180.14,899.7,ONLINE,ONLINE,8.9971,86.9156,231.44,71.33,AVAILABLE,60,0.15,1.4486
2026-03-01 11:54:00,7.62,65.33,10.59,176.96,899.8,ONLINE,ONLINE,8.9979,84.7439,230.02,73.1,AVAILABLE,60,0.15,1.4124
2026-03-01 11:55:00,7.73,65.21,11.29,174.8,899.86,ONLINE,ONLINE,8.9986,88.705,230.22,71.39,AVAILABLE,60,0.15,1.4784
2026-03-01 11:56:00,8.03,67.31,10.67,179.93,899.9,ONLINE,ONLINE,8.9991,82.4315,230.05,73.74,AVAILABLE,60,0.15,1.3739
2026-03-01 11:57:00,8.02,69.48,11.22,181.66,899.97,ONLINE,ONLINE,8.8496,87.2445,229.89,72.12,AVAILABLE,60,0.1475,1.4541
2026-03-01 11:58:00,8.12,65.81,10.95,170.34,900.0,ONLINE,ONLINE,8.9998,87.6325,229.42,74.18,AVAILABLE,60,0.15,1.4605
2026-03-01 11:59:00,7.96,68.84,11.06,181.42,900.0,ONLINE,ONLINE,9.0,87.0924,230.35,73.01,AVAILABLE,60,0.15,1.4515
2026-03-01 12:00:00,8.06,67.81,10.78,181.65,900.0,ONLINE,ONLINE,8.85,86.2598,229.96,72.51,AVAILABLE,60,0.1475,1.4377
2026-03-01 12:01:00,7.99,66.43,10.8,202.99,900.0,ONLINE,ONLINE,8.9998,83.2651,230.47,72.59,AVAILABLE,60,0.15,1.3878
2026-03-01 12:02:00,7.94,69.44,10.78,175.61,899.97,ONLINE,ONLINE,8.5496,83.3451,230.53,70.43,AVAILABLE,60,0.1425,1.3891
2026-03-01 12:03:00,8.0,67.96,11.04,196.76,899.9,ONLINE,ONLINE,8.6992,85.3093,230.52,71.6,AVAILABLE,60,0.145,1.4218
2026-03-01 12:04:00,7.8,67.07,11.25,155.71,899.87,ONLINE,ONLINE,8.8486,88.5505,230.4,72.21,AVAILABLE,60,0.1475,1.4758
2026-03-01 12:05:00,7.81,66.74,10.57,181.52,899.8,ONLINE,ONLINE,8.9979,84.5634,230.14,72.34,AVAILABLE,60,0.15,1.4094
2026-03-01 12:06:00,7.82,67.87,11.0,176.83,899.7,ONLINE,ONLINE,8.9971,88.029,231.36,71.21,AVAILABLE,60,0.15,1.4672
2026-03-01 12:07:00,7.75,64.82,10.94,163.12,899.61,ONLINE,ONLINE,8.8462,85.8416,230.41,71.11,AVAILABLE,60,0.1474,1.4307
2026-03-01 12:08:00,7.53,68.02,11.26,183.9,899.5,ONLINE,ONLINE,8.995,87.1919,231.13,72.41,AVAILABLE,60,0.1499,1.4532
2026-03-01 12:09:00,7.71,67.26,10.69,180.65,899.37,ONLINE,ONLINE,8.8438,85.5236,230.33,73.01,AVAILABLE,60,0.1474,1.4254
2026-03-01 12:10:00,7.74,67.22,10.9,193.79,899.24,ONLINE,ONLINE,8.9923,87.188,230.58,72.56,AVAILABLE,60,0.1499,1.4531
2026-03-01 12:11:00,7.88,66.91,10.92,168.43,899.08,ONLINE,ONLINE,8.841,87.3377,231.11,71.76,AVAILABLE,60,0.1473,1.4556
2026-03-01 12:12:00,7.57,66.9,11.15,200.85,898.92,ONLINE,ONLINE,8.9892,87.9227,230.42,73.37,AVAILABLE,60,0.1498,1.4654
2026-03-01 12:13:00,7.57,68.53,11.03,175.57,898.74,ONLINE,ONLINE,8.9874,86.4214,231.56,70.61,AVAILABLE,60,0.1498,1.4404
2026-03-01 12:14:00,7.3,65.78,10.94,182.51,898.54,ONLINE,ONLINE,8.6859,86.224,230.54,71.58,AVAILABLE,60,0.1448,1.4371
2026-03-01 12:15:00,7.54,64.43,10.8,198.12,898.33,ONLINE,ONLINE,8.9833,86.426,230.68,72.54,AVAILABLE,60,0.1497,1.4404
2026-03-01 12:16:00,7.36,70.28,11.32,174.27,898.11,ONLINE,ONLINE,8.8314,89.2941,231.58,72.39,AVAILABLE,60,0.1472,1.4882
2026-03-01 12:17:00,7.49,67.19,11.32,171.03,897.88,ONLINE,ONLINE,8.8291,88.9684,231.9,74.68,AVAILABLE,60,0.1472,1.4828
2026-03-01 12:18:00,7.55,70.23,11.08,166.94,897.62,ONLINE,ONLINE,8.9762,86.3394,232.05,73.73,AVAILABLE,60,0.1496,1.439
2026-03-01 12:19:00,7.51,67.36,11.34,209.93,897.36,ONLINE,ONLINE,8.8241,90.6857,232.68,72.48,AVAILABLE,60,0.1471,1.5114
2026-03-01 12:20:00,7.48,66.23,11.03,180.97,897.08,ONLINE,ONLINE,8.8213,88.2714,232.65,73.11,AVAILABLE,60,0.147,1.4712
2026-03-01 12:21:00,7.25,67.04,10.94,203.67,896.79,ONLINE,ONLINE,8.8184,84.566,233.28,72.19,AVAILABLE,60,0.147,1.4094
2026-03-01 12:22:00,7.31,64.83,11.36,176.87,896.49,ONLINE,ONLINE,8.9649,90.8543,232.19,71.78,AVAILABLE,60,0.1494,1.5142
2026-03-01 12:23:00,7.25,68.14,10.73,158.86,896.17,ONLINE,ONLINE,8.9617,85.8332,233.07,73.45,AVAILABLE,60,0.1494,1.4306
2026-03-01 12:24:00,7.29,66.27,11.04,184.7,895.83,ONLINE,ONLINE,8.9583,86.8028,232.69,73.19,AVAILABLE,60,0.1493,1.4467
2026-03-01 12:25:00,7.33,67.68,10.73,188.32,895.48,ONLINE,ONLINE,8.9549,83.0201,231.64,73.83,AVAILABLE,60,0.1492,1.3837
2026-03-01 12:26:00,7.36,63.46,11.07,193.02,895.13,ONLINE,ONLINE,8.9513,88.5157,233.21,72.11,AVAILABLE,60,0.1492,1.4753
2026-03-01 12:27:00,7.08,67.36,11.27,204.28,894.75,ONLINE,ONLINE,8.9475,90.1305,232.69,73.31,AVAILABLE,60,0.1491,1.5022
2026-03-01 12:28:00,7.09,66.02,10.75,193.53,894.36,ONLINE,ONLINE,8.9436,86.0109,233.28,72.84,AVAILABLE,60,0.1491,1.4335
2026-03-01 12:29:00,7.0,66.18,10.68,183.31,893.96,ONLINE,ONLINE,8.7906,83.0135,232.37,72.06,AVAILABLE,60,0.1465,1.3836
2026-03-01 12:30:00,7.11,69.15,11.24,184.42,893.54,ONLINE,ONLINE,8.9354,86.6343,232.04,73.23,AVAILABLE,60,0.1489,1.4439
2026-03-01 12:31:00,6.9,65.28,10.67,157.28,893.11,ONLINE,ONLINE,8.9311,85.3953,233.22,74.62,AVAILABLE,60,0.1489,1.4233
2026-03-01 12:32:00,6.93,68.05,10.69,212.03,892.67,ONLINE,ONLINE,8.9267,82.9912,233.15,74.78,AVAILABLE,60,0.1488,1.3832
2026-03-01 12:33:00,7.1,66.48,11.01,188.62,892.21,ONLINE,ONLINE,8.7734,86.4077,234.04,72.22,AVAILABLE,60,0.1462,1.4401
2026-03-01 12:34:00,7.19,65.97,10.92,176.41,891.74,ONLINE,ONLINE,8.7687,84.2567,232.71,71.51,AVAILABLE,60,0.1461,1.4043
2026-03-01 12:35:00,6.88,66.54,11.08,187.76,891.25,ONLINE,ONLINE,8.9125,88.6535,233.58,70.17,AVAILABLE,60,0.1485,1.4776
2026-03-01 12:36:00,6.95,67.89,10.9,180.36,890.75,ONLINE,ONLINE,8.9075,87.2237,233.03,71.07,AVAILABLE,60,0.1485,1.4537
2026-03-01 12:37:00,7.01,66.97,10.9,170.3,890.24,ONLINE,ONLINE,8.754,85.6996,234.23,72.78,AVAILABLE,60,0.1459,1.4283
2026-03-01 12:38:00,7.0,65.17,10.22,186.26,889.71,ONLINE,ONLINE,8.7488,80.4456,234.04,74.36,AVAILABLE,60,0.1458,1.3408
2026-03-01 12:39:00,7.02,64.78,11.42,192.13,889.17,ONLINE,ONLINE,8.8917,91.3637,233.51,71.76,AVAILABLE,60,0.1482,1.5227
2026-03-01 12:40:00,6.96,67.72,11.15,180.16,888.61,ONLINE,ONLINE,8.738,87.3756,232.62,72.18,AVAILABLE,60,0.1456,1.4563
2026-03-01 12:41:00,6.76,64.73,11.03,179.86,888.04,ONLINE,ONLINE,8.7325,87.0136,233.26,74.89,AVAILABLE,60,0.1455,1.4502
2026-03-01 12:42:00,6.65,67.31,11.01,166.27,887.46,ONLINE,ONLINE,8.5787,88.12,233.37,71.22,AVAILABLE,60,0.143,1.4687
2026-03-01 12:43:00,6.65,68.83,10.99,156.68,886.86,ONLINE,ONLINE,8.7208,87.9185,234.28,74.02,AVAILABLE,60,0.1453,1.4653
2026-03-01 12:44:00,6.49,68.57,11.28,174.3,886.25,ONLINE,ONLINE,8.5671,90.2142,233.68,73.37,AVAILABLE,60,0.1428,1.5036
2026-03-01 12:45:00,6.67,64.38,10.86,186.83,885.62,ONLINE,ONLINE,8.8563,86.9159,233.96,71.46,AVAILABLE,60,0.1476,1.4486
2026-03-01 12:46:00,6.49,66.94,11.14,180.99,884.99,ONLINE,ONLINE,8.4074,89.1131,234.53,74.37,AVAILABLE,60,0.1401,1.4852
2026-03-01 12:47:00,6.48,67.21,10.91,208.97,884.34,ONLINE,ONLINE,8.5486,84.617,234.93,72.73,AVAILABLE,60,0.1425,1.4103
2026-03-01 12:48:00,6.34,65.85,11.43,176.95,883.67,ONLINE,ONLINE,8.8367,91.468,235.39,69.97,AVAILABLE,60,0.1473,1.5245
2026-03-01 12:49:00,6.44,67.21,11.22,191.09,882.99,ONLINE,ONLINE,8.8299,87.9489,235.78,72.14,AVAILABLE,60,0.1472,1.4658
2026-03-01 12:50:00,6.58,68.24,11.53,181.34,882.29,ONLINE,ONLINE,8.5289,92.2506,234.97,71.78,AVAILABLE,60,0.1421,1.5375
2026-03-01 12:51:00,6.26,67.22,10.98,179.84,881.59,ONLINE,ONLINE,8.6689,84.956,235.64,71.55,AVAILABLE,60,0.1445,1.4159
2026-03-01 12:52:00,6.45,66.85,11.03,176.84,880.86,ONLINE,ONLINE,8.6618,88.2616,234.53,72.02,AVAILABLE,60,0.1444,1.471
2026-03-01 12:53:00,6.36,66.13,10.98,190.88,880.13,ONLINE,ONLINE,8.8013,87.82,234.17,72.9,AVAILABLE,60,0.1467,1.4637
2026-03-01 12:54:00,6.13,65.67,11.42,172.88,879.38,ONLINE,ONLINE,8.5006,91.3365,235.71,73.75,AVAILABLE,60,0.1417,1.5223
2026-03-01 12:55:00,6.45,64.58,11.0,149.29,878.62,ONLINE,ONLINE,8.4933,84.7093,234.0,71.05,AVAILABLE,60,0.1416,1.4118
2026-03-01 12:56:00,6.14,62.29,10.78,179.84,877.84,ONLINE,ONLINE,8.7784,86.2195,235.11,70.46,AVAILABLE,60,0.1463,1.437
2026-03-01 12:57:00,6.51,65.95,11.26,183.85,877.05,ONLINE,ONLINE,8.6243,90.0657,236.12,74.17,AVAILABLE,60,0.1437,1.5011
2026-03-01 12:58:00,6.22,66.56,11.05,182.8,876.24,ONLINE,ONLINE,8.4703,88.3935,236.01,72.1,AVAILABLE,60,0.1412,1.4732
2026-03-01 12:59:00,6.1,65.73,10.98,174.12,875.42,ONLINE,ONLINE,8.4624,86.3198,235.93,73.56,AVAILABLE,60,0.141,1.4387
2026-03-01 13:00:00,6.28,65.45,11.11,182.9,874.59,ONLINE,ONLINE,8.7459,87.811,235.24,72.65,AVAILABLE,60,0.1458,1.4635
2026-03-01 13:01:00,6.28,67.07,11.06,169.11,873.74,ONLINE,ONLINE,8.7374,88.5189,235.49,71.48,AVAILABLE,60,0.1456,1.4753
2026-03-01 13:02:00,5.96,67.53,10.81,184.73,872.88,ONLINE,ONLINE,8.4378,85.2035,235.97,72.55,AVAILABLE,60,0.1406,1.4201
2026-03-01 13:03:00,5.94,65.58,10.9,178.59,872.0,ONLINE,ONLINE,8.72,87.239,235.06,73.8,AVAILABLE,60,0.1453,1.454
2026-03-01 13:04:00,6.11,63.9,11.12,194.09,871.12,ONLINE,ONLINE,8.7111,88.9469,236.09,74.36,AVAILABLE,60,0.1452,1.4824
2026-03-01 13:05:00,5.94,64.73,10.93,182.75,870.21,ONLINE,ONLINE,8.7021,87.4329,235.94,73.29,AVAILABLE,60,0.145,1.4572
2026-03-01 13:06:00,6.06,67.37,11.05,177.22,869.3,ONLINE,ONLINE,8.693,88.3908,236.84,73.16,AVAILABLE,60,0.1449,1.4732
2026-03-01 13:07:00,6.01,65.72,11.09,195.75,868.37,ONLINE,ONLINE,8.3942,87.0704,236.02,73.56,AVAILABLE,60,0.1399,1.4512
2026-03-01 13:08:00,5.8,67.05,10.7,158.12,867.42,ONLINE,ONLINE,8.6742,85.5905,237.21,73.64,AVAILABLE,60,0.1446,1.4265
2026-03-01 13:09:00,5.8,67.25,11.37,187.84,866.46,ONLINE,ONLINE,8.6646,90.9945,236.93,73.14,AVAILABLE,60,0.1444,1.5166
2026-03-01 13:10:00,5.93,65.4,10.76,199.7,865.49,ONLINE,ONLINE,8.5107,84.9127,237.27,72.79,AVAILABLE,60,0.1418,1.4152
2026-03-01 13:11:00,5.82,67.83,10.82,170.15,864.5,ONLINE,ONLINE,8.501,84.8207,237.75,71.94,AVAILABLE,60,0.1417,1.4137
2026-03-01 13:12:00,5.8,65.51,11.09,170.68,863.5,ONLINE,ONLINE,8.6351,88.7151,236.21,71.33,AVAILABLE,60,0.1439,1.4786
2026-03-01 13:13:00,5.75,65.19,11.26,184.0,862.49,ONLINE,ONLINE,8.6249,90.0559,236.84,74.24,AVAILABLE,60,0.1437,1.5009
2026-03-01 13:14:00,5.74,65.19,11.03,192.47,861.47,ONLINE,ONLINE,8.4711,88.2658,238.08,73.29,AVAILABLE,60,0.1412,1.4711
2026-03-01 13:15:00,5.8,64.11,10.65,165.24,860.42,ONLINE,ONLINE,8.4609,83.963,236.34,73.64,AVAILABLE,60,0.141,1.3994
2026-03-01 13:16:00,5.69,65.64,10.6,161.76,859.37,ONLINE,ONLINE,8.5937,84.7699,237.48,73.96,AVAILABLE,60,0.1432,1.4128
2026-03-01 13:17:00,5.53,66.47,10.94,169.2,858.3,ONLINE,ONLINE,8.583,85.7678,237.26,72.34,AVAILABLE,60,0.143,1.4295
2026-03-01 13:18:00,5.53,65.24,10.75,168.68,857.22,ONLINE,ONLINE,8.5721,85.9713,236.61,71.89,AVAILABLE,60,0.1429,1.4329
2026-03-01 13:19:00,5.47,68.17,10.87,202.79,856.12,ONLINE,ONLINE,8.5612,84.0246,237.46,72.36,AVAILABLE,60,0.1427,1.4004
2026-03-01 13:20:00,5.58,65.59,10.76,163.22,855.01,ONLINE,ONLINE,8.5501,83.4801,236.97,72.48,AVAILABLE,60,0.1425,1.3913
2026-03-01 13:21:00,5.43,66.24,10.92,190.55,853.88,ONLINE,ONLINE,8.5388,87.3575,237.48,69.26,AVAILABLE,60,0.1423,1.456
2026-03-01 13:22:00,5.35,67.86,11.25,199.4,852.74,ONLINE,ONLINE,8.2432,90.0283,237.96,74.56,AVAILABLE,60,0.1374,1.5005
2026-03-01 13:23:00,5.46,66.92,10.69,200.69,851.59,ONLINE,ONLINE,8.5159,85.5392,237.93,70.5,AVAILABLE,60,0.1419,1.4257
2026-03-01 13:24:00,5.34,63.95,10.72,191.81,850.42,ONLINE,ONLINE,8.5042,85.7194,237.43,74.03,AVAILABLE,60,0.1417,1.4287
2026-03-01 13:25:00,5.24,68.87,10.36,152.25,849.25,ONLINE,ONLINE,8.4924,81.6983,239.01,72.97,AVAILABLE,60,0.1415,1.3616
2026-03-01 13:26:00,5.28,66.82,11.11,174.76,848.05,ONLINE,ONLINE,8.4805,86.107,239.06,70.86,AVAILABLE,60,0.1413,1.4351
2026-03-01 13:27:00,5.3,65.35,10.57,179.06,846.84,ONLINE,ONLINE,8.3273,83.0209,239.06,71.31,AVAILABLE,60,0.1388,1.3837
2026-03-01 13:28:00,5.24,67.24,10.83,175.24,845.62,ONLINE,ONLINE,8.3152,84.8101,237.9,74.09,AVAILABLE,60,0.1386,1.4135
2026-03-01 13:29:00,5.09,67.3,10.55,187.1,844.38,ONLINE,ONLINE,8.4438,82.9056,237.85,75.72,AVAILABLE,60,0.1407,1.3818
2026-03-01 13:30:00,5.23,66.15,11.02,215.18,843.13,ONLINE,ONLINE,8.4313,88.1901,239.33,72.83,AVAILABLE,60,0.1405,1.4698
2026-03-01 13:31:00,5.16,69.03,11.35,198.65,841.87,ONLINE,ONLINE,8.4187,90.7923,239.07,72.78,AVAILABLE,60,0.1403,1.5132
2026-03-01 13:32:00,5.36,63.45,11.32,158.39,840.59,ONLINE,ONLINE,8.2658,90.532,239.37,70.71,AVAILABLE,60,0.1378,1.5089
2026-03-01 13:33:00,5.04,63.15,10.94,157.6,839.3,ONLINE,ONLINE,8.253,87.5525,240.2,73.71,AVAILABLE,60,0.1376,1.4592
2026-03-01 13:34:00,4.98,66.42,11.37,175.1,837.99,ONLINE,ONLINE,8.2402,89.5664,239.49,73.19,AVAILABLE,60,0.1373,1.4928
2026-03-01 13:35:00,4.9,67.92,11.25,184.27,836.68,ONLINE,ONLINE,8.2274,88.823,239.62,74.47,AVAILABLE,60,0.1371,1.4804
2026-03-01 13:36:00,5.06,65.89,11.16,181.53,835.34,ONLINE,ONLINE,8.3534,89.2864,239.17,70.86,AVAILABLE,60,0.1392,1.4881
2026-03-01 13:37:00,4.95,66.99,11.12,194.86,834.0,ONLINE,ONLINE,8.3399,88.9541,239.2,70.52,AVAILABLE,60,0.139,1.4826
2026-03-01 13:38:00,4.99,65.01,11.13,157.15,832.63,ONLINE,ONLINE,8.3263,89.0813,238.41,73.68,AVAILABLE,60,0.1388,1.4847
2026-03-01 13:39:00,4.95,66.3,11.18,206.73,831.26,ONLINE,ONLINE,8.0356,88.307,239.76,74.17,AVAILABLE,60,0.1339,1.4718
2026-03-01 13:40:00,4.78,65.24,10.79,164.55,829.87,ONLINE,ONLINE,8.1604,86.3033,239.59,72.28,AVAILABLE,60,0.136,1.4384
2026-03-01 13:41:00,4.98,68.83,11.08,171.39,828.47,ONLINE,ONLINE,8.2847,88.6697,240.07,72.02,AVAILABLE,60,0.1381,1.4778
2026-03-01 13:42:00,4.72,68.82,11.44,184.4,827.05,ONLINE,ONLINE,8.1326,91.5197,239.73,71.8,AVAILABLE,60,0.1355,1.5253
2026-03-01 13:43:00,4.86,67.06,11.04,185.17,825.62,ONLINE,ONLINE,8.2562,88.2996,239.17,73.48,AVAILABLE,60,0.1376,1.4717
2026-03-01 13:44:00,4.67,67.09,11.06,199.08,824.18,ONLINE,ONLINE,8.1045,88.4501,240.23,73.06,AVAILABLE,60,0.1351,1.4742
2026-03-01 13:45:00,4.96,65.35,10.72,184.16,822.72,ONLINE,ONLINE,8.2272,85.7319,239.66,75.19,AVAILABLE,60,0.1371,1.4289
2026-03-01 13:46:00,4.76,67.55,11.35,178.62,821.25,ONLINE,ONLINE,8.2125,90.7884,239.7,71.17,AVAILABLE,60,0.1369,1.5131
2026-03-01 13:47:00,4.97,65.43,10.83,175.86,819.75,ONLINE,ONLINE,8.1976,86.6302,240.11,70.36,AVAILABLE,60,0.1366,1.4438
2026-03-01 13:48:00,4.71,67.95,10.65,170.51,818.25,ONLINE,ONLINE,8.1826,82.5842,240.33,73.84,AVAILABLE,60,0.1364,1.3764
2026-03-01 13:49:00,4.58,64.11,11.24,189.52,816.75,ONLINE,ONLINE,8.1675,88.7197,240.07,75.19,AVAILABLE,60,0.1361,1.4787
2026-03-01 13:50:00,4.57,67.81,10.85,183.3,815.22,ONLINE,ONLINE,8.1522,85.3494,240.17,70.41,AVAILABLE,60,0.1359,1.4225
2026-03-01 13:51:00,4.62,68.15,11.18,175.51,813.68,ONLINE,ONLINE,7.8653,89.4524,240.86,74.22,AVAILABLE,60,0.1311,1.4909
2026-03-01 13:52:00,4.59,67.85,10.74,187.8,812.12,ONLINE,ONLINE,8.1212,83.2801,240.98,71.77,AVAILABLE,60,0.1354,1.388
2026-03-01 13:53:00,4.64,65.88,11.27,183.88,810.55,ONLINE,ONLINE,7.7003,88.6299,241.21,72.49,AVAILABLE,60,0.1283,1.4772
2026-03-01 13:54:00,4.59,67.08,10.77,185.95,808.97,ONLINE,ONLINE,7.9549,84.7065,242.12,71.49,AVAILABLE,60,0.1326,1.4118
2026-03-01 13:55:00,4.48,68.06,10.96,170.55,807.37,ONLINE,ONLINE,7.9391,87.6548,241.21,74.93,AVAILABLE,60,0.1323,1.4609
2026-03-01 13:56:00,4.57,65.72,11.24,191.8,805.76,ONLINE,ONLINE,7.9233,88.4985,241.37,72.69,AVAILABLE,60,0.1321,1.475
2026-03-01 13:57:00,4.5,67.47,10.58,163.18,804.14,ONLINE,ONLINE,8.0414,84.6384,241.4,72.16,AVAILABLE,60,0.134,1.4106
2026-03-01 13:58:00,4.24,64.89,10.85,155.1,802.5,ONLINE,ONLINE,7.7576,86.7882,240.71,73.33,AVAILABLE,60,0.1293,1.4465
2026-03-01 13:59:00,4.28,68.27,11.03,145.24,800.84,ONLINE,ONLINE,7.7415,85.3637,242.07,73.59,AVAILABLE,60,0.129,1.4227
2026-03-01 14:00:00,4.36,67.09,11.15,172.7,799.18,ONLINE,ONLINE,7.9918,87.9459,241.85,72.64,AVAILABLE,60,0.1332,1.4658
2026-03-01 14:01:00,4.22,69.16,11.02,194.8,797.5,ONLINE,ONLINE,7.975,88.1625,241.32,72.48,AVAILABLE,60,0.1329,1.4694
2026-03-01 14:02:00,4.19,67.44,11.08,171.5,795.8,ONLINE,ONLINE,7.958,87.4045,241.3,70.51,AVAILABLE,60,0.1326,1.4567
2026-03-01 14:03:00,4.15,66.81,10.4,178.99,794.1,ONLINE,ONLINE,7.941,83.2387,242.47,73.94,AVAILABLE,60,0.1323,1.3873
2026-03-01 14:04:00,4.01,67.59,10.75,184.02,792.37,ONLINE,ONLINE,7.9237,85.9712,241.46,72.45,AVAILABLE,60,0.1321,1.4329
2026-03-01 14:05:00,4.34,66.55,10.86,190.07,790.64,ONLINE,ONLINE,7.9064,85.6562,241.52,70.62,AVAILABLE,60,0.1318,1.4276
2026-03-01 14:06:00,4.2,67.4,11.07,172.82,788.89,ONLINE,ONLINE,7.8889,88.5654,242.35,72.35,AVAILABLE,60,0.1315,1.4761
2026-03-01 14:07:00,4.03,64.39,11.51,159.71,787.12,ONLINE,ONLINE,7.7401,92.0619,241.91,72.41,AVAILABLE,60,0.129,1.5344
2026-03-01 14:08:00,3.96,63.53,10.76,184.55,785.35,ONLINE,ONLINE,7.8535,86.0444,242.33,71.12,AVAILABLE,60,0.1309,1.4341
2026-03-01 14:09:00,4.2,65.96,11.39,192.11,783.55,ONLINE,ONLINE,7.5743,89.8201,241.48,74.26,AVAILABLE,60,0.1262,1.497
2026-03-01 14:10:00,3.85,64.26,11.15,178.07,781.75,ONLINE,ONLINE,7.8175,87.5883,242.71,70.77,AVAILABLE,60,0.1303,1.4598
2026-03-01 14:11:00,4.02,67.16,11.37,179.36,779.93,ONLINE,ONLINE,7.6693,89.8956,241.94,69.99,AVAILABLE,60,0.1278,1.4983
2026-03-01 14:12:00,3.84,65.69,10.91,180.86,778.1,ONLINE,ONLINE,7.6512,85.587,242.75,72.11,AVAILABLE,60,0.1275,1.4264
2026-03-01 14:13:00,4.11,66.09,11.16,176.49,776.25,ONLINE,ONLINE,7.6333,89.2871,243.37,70.54,AVAILABLE,60,0.1272,1.4881
2026-03-01 14:14:00,3.79,65.36,10.81,163.85,774.39,ONLINE,ONLINE,7.615,85.0881,243.23,75.16,AVAILABLE,60,0.1269,1.4181
2026-03-01 14:15:00,3.68,64.67,11.14,198.31,772.51,ONLINE,ONLINE,7.7251,89.1328,242.71,72.67,AVAILABLE,60,0.1288,1.4855
2026-03-01 14:16:00,3.95,65.18,11.26,190.78,770.62,ONLINE,ONLINE,7.7062,88.213,244.59,71.06,AVAILABLE,60,0.1284,1.4702
2026-03-01 14:17:00,3.83,66.84,11.09,213.26,768.72,ONLINE,ONLINE,7.5591,86.8478,243.03,76.4,AVAILABLE,60,0.126,1.4475
2026-03-01 14:18:00,3.68,68.97,11.11,172.76,766.81,ONLINE,ONLINE,7.5401,88.8611,242.62,73.2,AVAILABLE,60,0.1257,1.481
2026-03-01 14:19:00,3.56,64.45,10.99,151.0,764.87,ONLINE,ONLINE,7.6488,86.1733,244.85,74.71,AVAILABLE,60,0.1275,1.4362
2026-03-01 14:20:00,4.02,65.83,11.38,157.05,762.93,ONLINE,ONLINE,7.502,89.4163,243.86,71.47,AVAILABLE,60,0.125,1.4903
2026-03-01 14:21:00,3.73,64.06,10.79,190.35,760.97,ONLINE,ONLINE,7.4828,86.2935,243.49,72.68,AVAILABLE,60,0.1247,1.4382
2026-03-01 14:22:00,3.67,69.13,11.1,196.33,759.0,ONLINE,ONLINE,6.8309,88.8184,243.86,71.69,AVAILABLE,60,0.1138,1.4803
2026-03-01 14:23:00,3.53,67.12,10.72,179.74,757.02,ONLINE,ONLINE,7.5701,85.7907,244.5,75.18,AVAILABLE,60,0.1262,1.4298
2026-03-01 14:24:00,3.58,67.74,11.0,183.42,755.02,ONLINE,ONLINE,7.5501,87.982,243.69,71.38,AVAILABLE,60,0.1258,1.4664
2026-03-01 14:25:00,3.59,66.62,10.92,191.2,753.0,ONLINE,ONLINE,7.279,86.1547,245.73,71.86,AVAILABLE,60,0.1213,1.4359
2026-03-01 14:26:00,3.47,66.96,11.08,172.39,750.97,ONLINE,ONLINE,7.3845,88.6336,244.46,71.9,AVAILABLE,60,0.1231,1.4772
2026-03-01 14:27:00,3.39,70.53,11.36,175.44,748.93,ONLINE,ONLINE,7.4893,89.0144,244.48,73.06,AVAILABLE,60,0.1248,1.4836
2026-03-01 14:28:00,3.69,63.53,10.86,156.64,746.88,ONLINE,ONLINE,7.3443,86.8952,243.83,74.06,AVAILABLE,60,0.1224,1.4483
2026-03-01 14:29:00,3.42,66.34,11.4,182.47,744.81,ONLINE,ONLINE,7.4481,91.2157,243.99,71.79,AVAILABLE,60,0.1241,1.5203
2026-03-01 14:30:00,3.38,65.82,10.96,182.25,742.72,ONLINE,ONLINE,7.4272,85.0054,244.51,70.57,AVAILABLE,60,0.1238,1.4168
2026-03-01 14:31:00,3.4,65.97,11.18,160.44,740.62,ONLINE,ONLINE,7.2827,88.3366,244.74,73.74,AVAILABLE,60,0.1214,1.4723
2026-03-01 14:32:00,3.25,68.18,11.3,187.41,738.51,ONLINE,ONLINE,7.3852,90.3847,245.52,73.06,AVAILABLE,60,0.1231,1.5064
2026-03-01 14:33:00,3.27,68.42,10.79,209.43,736.39,ONLINE,ONLINE,7.2412,85.0401,245.41,69.94,AVAILABLE,60,0.1207,1.4173
2026-03-01 14:34:00,3.45,66.97,11.1,177.16,734.25,ONLINE,ONLINE,7.3425,88.7673,244.49,73.73,AVAILABLE,60,0.1224,1.4795
2026-03-01 14:35:00,3.17,63.13,10.8,180.87,732.1,ONLINE,ONLINE,7.321,86.4018,245.23,70.01,AVAILABLE,60,0.122,1.44
2026-03-01 14:36:00,3.24,67.09,11.13,163.35,729.93,ONLINE,ONLINE,7.2993,87.2321,246.0,73.68,AVAILABLE,60,0.1217,1.4539
2026-03-01 14:37:00,3.21,67.43,10.76,182.99,727.75,ONLINE,ONLINE,7.2775,84.4937,244.16,73.16,AVAILABLE,60,0.1213,1.4082
2026-03-01 14:38:00,3.19,68.1,10.84,173.68,725.56,ONLINE,ONLINE,7.1348,86.6928,245.51,72.84,AVAILABLE,60,0.1189,1.4449
2026-03-01 14:39:00,3.28,66.98,11.13,177.0,723.35,ONLINE,ONLINE,6.872,89.0458,244.83,73.75,AVAILABLE,60,0.1145,1.4841
2026-03-01 14:40:00,3.07,68.76,10.92,168.05,721.13,ONLINE,ONLINE,6.9706,84.2552,245.46,72.26,AVAILABLE,60,0.1162,1.4043
2026-03-01 14:41:00,3.14,65.33,10.78,185.15,718.89,ONLINE,ONLINE,7.1889,84.4189,245.71,70.93,AVAILABLE,60,0.1198,1.407
2026-03-01 14:42:00,2.98,66.74,11.39,199.14,716.64,ONLINE,ONLINE,6.9274,87.6597,246.42,72.38,AVAILABLE,60,0.1155,1.461
2026-03-01 14:43:00,3.12,68.24,11.38,159.35,714.38,ONLINE,ONLINE,7.0247,91.0124,246.27,74.57,AVAILABLE,60,0.1171,1.5169
2026-03-01 14:44:00,3.02,65.08,11.17,182.52,712.1,ONLINE,ONLINE,7.0025,89.386,247.05,70.81,AVAILABLE,60,0.1167,1.4898
2026-03-01 14:45:00,2.85,65.26,11.08,176.86,709.81,ONLINE,ONLINE,6.7433,88.6823,245.33,72.09,AVAILABLE,60,0.1124,1.478
2026-03-01 14:46:00,2.96,66.49,11.07,179.86,707.5,ONLINE,ONLINE,7.075,88.5221,246.29,72.78,AVAILABLE,60,0.1179,1.4754
2026-03-01 14:47:00,3.02,65.32,10.57,198.7,705.18,ONLINE,ONLINE,6.9344,84.6009,245.34,72.28,AVAILABLE,60,0.1156,1.41
2026-03-01 14:48:00,2.78,66.83,10.9,186.66,702.85,ONLINE,ONLINE,7.0285,87.229,245.51,71.96,AVAILABLE,60,0.1171,1.4538
2026-03-01 14:49:00,2.74,65.69,11.19,178.94,700.5,ONLINE,ONLINE,7.005,87.8331,246.49,71.51,AVAILABLE,60,0.1168,1.4639
2026-03-01 14:50:00,2.77,68.39,11.03,186.03,698.14,ONLINE,ONLINE,6.9814,88.2742,247.01,74.96,AVAILABLE,60,0.1164,1.4712
2026-03-01 14:51:00,2.59,65.41,11.26,177.97,695.77,ONLINE,ONLINE,6.9577,90.09,246.27,72.06,AVAILABLE,60,0.116,1.5015
2026-03-01 14:52:00,2.64,67.58,10.79,188.81,693.38,ONLINE,ONLINE,6.9338,86.3547,245.09,73.05,AVAILABLE,60,0.1156,1.4392
2026-03-01 14:53:00,2.78,63.22,10.88,193.2,690.98,ONLINE,ONLINE,6.9098,87.0666,246.03,73.91,AVAILABLE,60,0.1152,1.4511
2026-03-01 14:54:00,2.76,66.63,11.14,198.27,688.56,ONLINE,ONLINE,6.6562,87.2935,247.2,72.41,AVAILABLE,60,0.1109,1.4549
2026-03-01 14:55:00,2.68,66.34,11.3,178.08,686.13,ONLINE,ONLINE,6.8613,90.3813,246.46,71.44,AVAILABLE,60,0.1144,1.5064
2026-03-01 14:56:00,2.66,63.89,10.81,199.84,683.68,ONLINE,ONLINE,6.7227,86.4642,247.22,71.03,AVAILABLE,60,0.112,1.4411
2026-03-01 14:57:00,2.46,66.1,10.76,163.85,681.23,ONLINE,ONLINE,6.6985,86.0412,247.3,69.23,AVAILABLE,60,0.1116,1.434
2026-03-01 14:58:00,2.55,64.38,10.88,177.84,678.75,ONLINE,ONLINE,6.6742,87.0284,247.08,71.2,AVAILABLE,60,0.1112,1.4505
2026-03-01 14:59:00,2.62,65.37,10.95,173.03,676.27,ONLINE,ONLINE,6.7627,86.4419,247.04,71.49,AVAILABLE,60,0.1127,1.4407
2026-03-01 15:00:00,2.5,67.21,11.05,184.38,673.77,ONLINE,ONLINE,6.7377,88.388,247.46,72.89,AVAILABLE,60,0.1123,1.4731
2026-03-01 15:01:00,2.55,70.23,11.17,165.36,671.26,ONLINE,ONLINE,6.6008,87.5531,247.13,74.38,AVAILABLE,60,0.11,1.4592
2026-03-01 15:02:00,2.52,65.31,11.0,146.1,668.73,ONLINE,ONLINE,6.6873,87.9883,247.3,72.17,AVAILABLE,60,0.1115,1.4665
2026-03-01 15:03:00,2.26,66.53,10.74,174.46,666.18,ONLINE,ONLINE,6.6619,85.8898,249.04,73.81,AVAILABLE,60,0.111,1.4315
2026-03-01 15:04:00,2.43,66.05,11.14,193.96,663.63,ONLINE,ONLINE,6.6363,87.8171,248.01,74.4,AVAILABLE,60,0.1106,1.4636
2026-03-01 15:05:00,2.42,65.11,10.73,195.33,661.06,ONLINE,ONLINE,6.5006,84.3584,247.43,70.99,AVAILABLE,60,0.1083,1.406
2026-03-01 15:06:00,2.23,65.84,10.84,181.71,658.48,ONLINE,ONLINE,6.5848,85.3929,247.66,72.16,AVAILABLE,60,0.1097,1.4232
2026-03-01 15:07:00,2.3,67.11,11.09,175.71,655.88,ONLINE,ONLINE,6.4496,88.7387,248.41,72.96,AVAILABLE,60,0.1075,1.479
2026-03-01 15:08:00,2.31,65.78,10.96,167.53,653.27,ONLINE,ONLINE,6.3149,86.3953,249.19,73.05,AVAILABLE,60,0.1052,1.4399
2026-03-01 15:09:00,2.12,66.48,10.95,175.39,650.64,ONLINE,ONLINE,6.3982,85.0291,248.51,70.57,AVAILABLE,60,0.1066,1.4172
2026-03-01 15:10:00,2.1,65.66,10.82,171.33,648.0,ONLINE,ONLINE,6.4801,86.5848,249.09,70.99,AVAILABLE,60,0.108,1.4431
2026-03-01 15:11:00,2.09,67.23,10.9,177.96,645.36,ONLINE,ONLINE,6.4535,84.6892,248.5,73.65,AVAILABLE,60,0.1076,1.4115
2026-03-01 15:12:00,2.13,66.41,10.71,180.26,642.69,ONLINE,ONLINE,6.4269,85.7209,248.6,73.51,AVAILABLE,60,0.1071,1.4287
2026-03-01 15:13:00,2.13,65.61,11.36,179.28,640.0,ONLINE,ONLINE,6.4001,89.3811,247.92,72.31,AVAILABLE,60,0.1067,1.4897
2026-03-01 15:14:00,1.81,65.1,11.27,199.36,637.31,ONLINE,ONLINE,6.2669,90.1633,249.09,72.53,AVAILABLE,60,0.1044,1.5027
2026-03-01 15:15:00,2.08,67.11,11.22,149.0,634.6,ONLINE,ONLINE,6.2405,88.4042,248.92,74.63,AVAILABLE,60,0.104,1.4734
2026-03-01 15:16:00,2.03,68.99,10.57,182.39,631.88,ONLINE,ONLINE,6.3188,83.3223,248.88,73.01,AVAILABLE,60,0.1053,1.3887
2026-03-01 15:17:00,2.0,68.67,10.96,170.69,629.14,ONLINE,ONLINE,6.1866,85.8701,247.63,74.34,AVAILABLE,60,0.1031,1.4312
2026-03-01 15:18:00,1.84,65.43,11.13,181.26,626.39,ONLINE,ONLINE,6.1596,87.954,249.49,72.98,AVAILABLE,60,0.1027,1.4659
2026-03-01 15:19:00,1.9,68.51,10.97,203.6,623.63,ONLINE,ONLINE,6.2363,87.755,249.08,73.63,AVAILABLE,60,0.1039,1.4626
2026-03-01 15:20:00,2.01,61.8,10.75,164.41,620.85,ONLINE,ONLINE,6.2085,86.0294,249.01,72.85,AVAILABLE,60,0.1035,1.4338
2026-03-01 15:21:00,1.91,66.95,11.04,186.2,618.06,ONLINE,ONLINE,6.1806,86.8094,249.96,72.78,AVAILABLE,60,0.103,1.4468
2026-03-01 15:22:00,1.83,66.35,10.64,179.78,615.26,ONLINE,ONLINE,6.1526,85.1465,249.64,71.96,AVAILABLE,60,0.1025,1.4191
2026-03-01 15:23:00,1.78,63.95,11.03,205.17,612.44,ONLINE,ONLINE,6.1244,85.3091,249.54,71.81,AVAILABLE,60,0.1021,1.4218
2026-03-01 15:24:00,1.71,65.76,10.98,179.78,609.61,ONLINE,ONLINE,6.096,87.8742,249.09,73.2,AVAILABLE,60,0.1016,1.4646
2026-03-01 15:25:00,1.69,65.69,11.3,166.0,606.76,ONLINE,ONLINE,5.9666,90.3782,249.65,71.17,AVAILABLE,60,0.0994,1.5063
2026-03-01 15:26:00,1.69,63.27,10.99,162.57,603.9,ONLINE,ONLINE,6.039,87.8957,250.75,71.63,AVAILABLE,60,0.1006,1.4649
2026-03-01 15:27:00,1.71,67.22,11.23,186.91,601.02,ONLINE,ONLINE,5.9098,88.5692,249.93,73.27,AVAILABLE,60,0.0985,1.4762
2026-03-01 15:28:00,1.68,69.96,10.72,217.81,598.13,ONLINE,ONLINE,5.9813,84.6544,250.46,72.88,AVAILABLE,60,0.0997,1.4109
2026-03-01 15:29:00,1.58,67.59,10.59,153.47,595.23,ONLINE,ONLINE,5.9523,84.7427,250.69,74.52,AVAILABLE,60,0.0992,1.4124
2026-03-01 15:30:00,1.62,65.57,11.1,178.94,592.32,ONLINE,ONLINE,5.9231,88.8206,250.43,72.85,AVAILABLE,60,0.0987,1.4803
2026-03-01 15:31:00,1.8,63.9,10.9,166.26,589.38,ONLINE,ONLINE,5.7957,87.1894,250.41,71.31,AVAILABLE,60,0.0966,1.4532
2026-03-01 15:32:00,1.49,66.45,11.36,190.71,586.44,ONLINE,ONLINE,5.7666,90.8565,250.68,73.35,AVAILABLE,60,0.0961,1.5143
2026-03-01 15:33:00,1.47,66.99,10.68,165.32,583.48,ONLINE,ONLINE,5.8348,82.799,250.41,70.88,AVAILABLE,60,0.0972,1.38
2026-03-01 15:34:00,1.47,65.59,10.94,185.16,580.5,ONLINE,ONLINE,5.8051,86.1536,250.81,73.38,AVAILABLE,60,0.0968,1.4359
2026-03-01 15:35:00,1.51,68.4,10.86,175.52,577.5,ONLINE,ONLINE,5.7752,86.8741,251.5,70.3,AVAILABLE,60,0.0963,1.4479
2026-03-01 15:36:00,1.5,68.79,11.33,187.29,574.5,ONLINE,ONLINE,5.7452,88.8399,251.83,74.0,AVAILABLE,60,0.0958,1.4807
2026-03-01 15:37:00,1.43,66.54,10.97,147.09,571.5,ONLINE,ONLINE,5.7151,87.7585,251.45,74.72,AVAILABLE,60,0.0953,1.4626
2026-03-01 15:38:00,1.3,65.59,10.85,200.97,568.49,ONLINE,ONLINE,5.4956,86.8137,250.95,71.98,AVAILABLE,60,0.0916,1.4469
2026-03-01 15:39:00,1.2,65.26,10.87,170.5,565.44,ONLINE,ONLINE,5.5602,83.7141,251.19,73.29,AVAILABLE,60,0.0927,1.3952
2026-03-01 15:40:00,1.13,67.08,10.94,197.9,562.38,ONLINE,ONLINE,5.5301,87.4803,252.45,71.97,AVAILABLE,60,0.0922,1.458
2026-03-01 15:41:00,1.12,64.39,11.06,187.61,559.32,ONLINE,ONLINE,5.5931,86.8902,251.48,72.17,AVAILABLE,60,0.0932,1.4482
2026-03-01 15:42:00,1.29,66.17,10.99,166.72,556.23,ONLINE,ONLINE,5.5623,87.9386,251.64,74.31,AVAILABLE,60,0.0927,1.4656
2026-03-01 15:43:00,1.16,65.76,11.1,172.7,553.13,ONLINE,ONLINE,5.4393,87.5926,251.29,72.77,AVAILABLE,60,0.0907,1.4599
2026-03-01 15:44:00,1.11,64.66,10.97,178.0,550.02,ONLINE,ONLINE,5.4088,86.6296,251.03,72.59,AVAILABLE,60,0.0901,1.4438
2026-03-01 15:45:00,1.08,67.35,10.69,162.72,546.9,ONLINE,ONLINE,5.3777,83.77,251.87,72.76,AVAILABLE,60,0.0896,1.3962
2026-03-01 15:46:00,1.11,65.67,10.96,162.9,543.76,ONLINE,ONLINE,5.4376,85.2547,251.65,71.99,AVAILABLE,60,0.0906,1.4209
2026-03-01 15:47:00,0.83,68.45,11.37,195.41,540.61,ONLINE,ONLINE,5.4061,89.5697,250.96,71.19,AVAILABLE,60,0.0901,1.4928
2026-03-01 15:48:00,1.04,65.81,11.03,197.05,537.44,ONLINE,ONLINE,5.2848,88.2324,252.81,75.14,AVAILABLE,60,0.0881,1.4705
2026-03-01 15:49:00,0.99,64.4,10.97,191.2,534.26,ONLINE,ONLINE,5.3426,86.6485,252.46,70.3,AVAILABLE,60,0.089,1.4441
2026-03-01 15:50:00,0.98,68.15,10.83,194.54,531.07,ONLINE,ONLINE,5.2219,83.375,252.04,73.64,AVAILABLE,60,0.087,1.3896
2026-03-01 15:51:00,0.89,63.97,10.64,157.43,527.86,ONLINE,ONLINE,5.2786,83.8379,253.11,74.38,AVAILABLE,60,0.088,1.3973
2026-03-01 15:52:00,1.1,69.44,10.19,155.82,524.63,ONLINE,ONLINE,5.2464,80.0865,253.15,71.47,AVAILABLE,60,0.0874,1.3348
2026-03-01 15:53:00,0.9,66.16,11.26,163.05,521.4,ONLINE,ONLINE,5.214,87.0031,253.55,74.07,AVAILABLE,60,0.0869,1.4501
2026-03-01 15:54:00,0.82,68.16,11.27,163.66,518.15,ONLINE,ONLINE,5.1815,88.5577,252.77,74.08,AVAILABLE,60,0.0864,1.476
2026-03-01 15:55:00,0.72,67.4,10.99,188.53,514.88,ONLINE,ONLINE,5.1489,86.4117,252.99,72.09,AVAILABLE,60,0.0858,1.4402
2026-03-01 15:56:00,0.75,64.09,11.14,181.47,511.61,ONLINE,ONLINE,5.0306,88.002,252.73,73.08,AVAILABLE,60,0.0838,1.4667
2026-03-01 15:57:00,0.92,65.44,10.63,175.41,508.31,ONLINE,ONLINE,4.9984,85.0408,252.67,76.25,AVAILABLE,60,0.0833,1.4173
2026-03-01 15:58:00,0.82,65.87,11.23,181.06,505.01,ONLINE,ONLINE,4.9661,88.0875,254.17,69.47,AVAILABLE,60,0.0828,1.4681
2026-03-01 15:59:00,0.76,66.49,11.29,191.81,501.69,ONLINE,ONLINE,5.0169,88.8694,252.92,71.59,AVAILABLE,60,0.0836,1.4812
2026-03-01 16:00:00,0.64,66.47,10.9,175.38,498.36,ONLINE,ONLINE,4.9836,85.0006,252.67,72.84,AVAILABLE,60,0.0831,1.4167
2026-03-01 16:01:00,0.65,65.51,11.18,186.98,495.01,ONLINE,ONLINE,4.8679,89.4519,253.43,71.27,AVAILABLE,60,0.0811,1.4909
2026-03-01 16:02:00,0.55,65.8,11.13,199.05,491.65,ONLINE,ONLINE,4.9165,87.712,254.34,72.16,AVAILABLE,60,0.0819,1.4619
2026-03-01 16:03:00,0.61,67.39,11.33,180.25,488.27,ONLINE,ONLINE,4.8828,90.654,253.33,73.07,AVAILABLE,60,0.0814,1.5109
2026-03-01 16:04:00,0.55,64.8,10.75,211.68,484.89,ONLINE,ONLINE,4.8489,84.75,254.38,70.72,AVAILABLE,60,0.0808,1.4125
2026-03-01 16:05:00,0.64,65.58,11.19,198.25,481.48,ONLINE,ONLINE,4.7348,89.5577,253.9,72.0,AVAILABLE,60,0.0789,1.4926
2026-03-01 16:06:00,0.48,66.44,10.81,197.57,478.07,ONLINE,ONLINE,4.6214,84.7306,253.88,73.7,AVAILABLE,60,0.077,1.4122
2026-03-01 16:07:00,0.51,66.47,10.63,187.91,474.64,ONLINE,ONLINE,4.7464,83.8915,254.54,72.58,AVAILABLE,60,0.0791,1.3982
2026-03-01 16:08:00,0.29,65.73,11.02,179.14,471.19,ONLINE,ONLINE,4.6331,83.2937,254.66,71.96,AVAILABLE,60,0.0772,1.3882
2026-03-01 16:09:00,0.48,64.5,11.17,173.71,467.73,ONLINE,ONLINE,4.6774,88.0092,253.18,72.93,AVAILABLE,60,0.078,1.4668
2026-03-01 16:10:00,0.46,66.14,11.32,175.22,464.27,ONLINE,ONLINE,4.6426,90.5912,253.13,72.56,AVAILABLE,60,0.0774,1.5099
2026-03-01 16:11:00,0.17,68.76,11.08,179.1,460.77,ONLINE,ONLINE,4.6078,88.6582,253.84,71.89,AVAILABLE,60,0.0768,1.4776
2026-03-01 16:12:00,0.43,68.08,10.82,207.18,457.27,ONLINE,ONLINE,4.5728,84.8568,254.63,70.94,AVAILABLE,60,0.0762,1.4143
2026-03-01 16:13:00,-0.01,66.09,10.85,202.12,453.76,ONLINE,ONLINE,4.4619,86.7676,255.82,68.19,AVAILABLE,60,0.0744,1.4461
2026-03-01 16:14:00,0.32,64.53,11.05,180.34,450.24,ONLINE,ONLINE,4.4275,88.411,254.14,73.23,AVAILABLE,60,0.0738,1.4735
2026-03-01 16:15:00,0.05,64.69,10.73,173.14,446.69,ONLINE,ONLINE,4.4669,85.874,256.21,72.91,AVAILABLE,60,0.0744,1.4312
2026-03-01 16:16:00,0.27,65.58,11.38,172.69,443.14,ONLINE,ONLINE,4.2093,89.2503,255.34,70.52,AVAILABLE,60,0.0702,1.4875
2026-03-01 16:17:00,0.03,69.04,10.93,173.77,439.57,ONLINE,ONLINE,4.3222,84.934,254.22,70.9,AVAILABLE,60,0.072,1.4156
2026-03-01 16:18:00,0.08,69.83,11.5,192.83,435.99,ONLINE,ONLINE,4.1415,92.0273,255.09,72.97,AVAILABLE,60,0.069,1.5338
2026-03-01 16:19:00,-0.1,65.89,11.02,173.7,432.39,ONLINE,ONLINE,4.252,88.149,254.77,72.15,AVAILABLE,60,0.0709,1.4692
2026-03-01 16:20:00,0.02,65.77,11.22,181.4,428.78,ONLINE,ONLINE,4.2878,89.7436,255.65,70.5,AVAILABLE,60,0.0715,1.4957
2026-03-01 16:21:00,-0.05,65.51,11.26,181.33,425.15,ONLINE,ONLINE,4.1807,90.0503,254.47,73.06,AVAILABLE,60,0.0697,1.5008
2026-03-01 16:22:00,-0.05,64.97,10.61,189.69,421.51,ONLINE,ONLINE,4.1451,84.8595,255.54,74.14,AVAILABLE,60,0.0691,1.4143
2026-03-01 16:23:00,-0.12,69.82,11.08,175.29,417.86,ONLINE,ONLINE,4.0392,86.927,255.32,69.47,AVAILABLE,60,0.0673,1.4488
2026-03-01 16:24:00,-0.24,67.37,11.02,199.71,414.19,ONLINE,ONLINE,4.1419,88.1352,255.99,70.91,AVAILABLE,60,0.069,1.4689
2026-03-01 16:25:00,-0.22,68.15,11.29,186.82,410.52,ONLINE,ONLINE,4.1051,87.5782,256.26,72.21,AVAILABLE,60,0.0684,1.4596
2026-03-01 16:26:00,-0.15,64.76,11.48,184.54,406.82,ONLINE,ONLINE,4.0682,91.8368,255.76,70.0,AVAILABLE,60,0.0678,1.5306
2026-03-01 16:27:00,-0.21,64.49,10.93,179.47,403.11,ONLINE,ONLINE,3.9642,86.1819,256.21,71.47,AVAILABLE,60,0.0661,1.4364
2026-03-01 16:28:00,-0.28,67.34,11.68,164.0,399.39,ONLINE,ONLINE,3.9273,91.8247,256.92,72.64,AVAILABLE,60,0.0655,1.5304
2026-03-01 16:29:00,-0.12,65.27,11.22,171.45,395.65,ONLINE,ONLINE,3.8904,89.7522,256.54,72.57,AVAILABLE,60,0.0648,1.4959
2026-03-01 16:30:00,-0.37,69.13,10.82,170.84,391.9,ONLINE,ONLINE,3.919,86.5287,256.89,70.13,AVAILABLE,60,0.0653,1.4421
2026-03-01 16:31:00,-0.32,65.03,11.33,196.36,388.14,ONLINE,ONLINE,3.8814,90.63,255.62,73.23,AVAILABLE,60,0.0647,1.5105
2026-03-01 16:32:00,-0.41,65.11,10.48,179.04,384.36,ONLINE,ONLINE,3.8436,83.8257,256.67,74.33,AVAILABLE,60,0.0641,1.3971
2026-03-01 16:33:00,-0.31,68.02,10.98,166.72,380.57,ONLINE,ONLINE,3.8057,86.6266,257.0,71.86,AVAILABLE,60,0.0634,1.4438
2026-03-01 16:34:00,-0.52,70.9,10.87,198.6,376.77,ONLINE,ONLINE,3.7677,86.9971,257.83,72.46,AVAILABLE,60,0.0628,1.45
2026-03-01 16:35:00,-0.47,65.74,10.87,199.01,372.95,ONLINE,ONLINE,3.6672,86.9273,256.86,70.36,AVAILABLE,60,0.0611,1.4488
2026-03-01 16:36:00,-0.46,67.28,10.52,174.15,369.11,ONLINE,ONLINE,3.5681,80.9852,257.0,72.27,AVAILABLE,60,0.0595,1.3498
2026-03-01 16:37:00,-0.42,67.92,10.99,179.65,365.27,ONLINE,ONLINE,3.5918,87.8808,258.12,72.72,AVAILABLE,60,0.0599,1.4647
2026-03-01 16:38:00,-0.58,65.89,10.65,191.51,361.4,ONLINE,ONLINE,3.5537,83.9531,256.7,74.91,AVAILABLE,60,0.0592,1.3992
2026-03-01 16:39:00,-0.32,61.93,11.33,178.29,357.53,ONLINE,ONLINE,3.5753,89.0796,257.02,73.77,AVAILABLE,60,0.0596,1.4847
2026-03-01 16:40:00,-0.61,62.97,10.98,203.86,353.64,ONLINE,ONLINE,3.5364,87.8439,257.06,73.06,AVAILABLE,60,0.0589,1.4641
2026-03-01 16:41:00,-0.72,67.67,10.84,180.27,349.74,ONLINE,ONLINE,3.4974,86.6831,257.93,70.84,AVAILABLE,60,0.0583,1.4447
2026-03-01 16:42:00,-0.61,66.86,11.05,176.46,345.82,ONLINE,ONLINE,3.4582,86.9086,258.08,73.09,AVAILABLE,60,0.0576,1.4485
2026-03-01 16:43:00,-0.81,66.59,11.7,182.09,341.89,ONLINE,ONLINE,3.4189,91.9544,257.36,74.54,AVAILABLE,60,0.057,1.5326
2026-03-01 16:44:00,-0.72,65.47,11.16,172.56,337.95,ONLINE,ONLINE,3.3795,89.2651,257.87,72.51,AVAILABLE,60,0.0563,1.4878
2026-03-01 16:45:00,-0.57,67.54,10.74,208.87,333.99,ONLINE,ONLINE,3.3399,85.9301,256.53,71.17,AVAILABLE,60,0.0557,1.4322
2026-03-01 16:46:00,-0.71,66.17,11.09,152.18,330.02,ONLINE,ONLINE,3.2452,88.7498,258.05,73.6,AVAILABLE,60,0.0541,1.4792
2026-03-01 16:47:00,-0.72,66.12,11.43,171.19,326.03,ONLINE,ONLINE,3.2603,89.7064,257.51,71.98,AVAILABLE,60,0.0543,1.4951
2026-03-01 16:48:00,-0.77,67.38,11.04,157.31,322.03,ONLINE,ONLINE,3.167,88.2991,257.89,74.33,AVAILABLE,60,0.0528,1.4717
2026-03-01 16:49:00,-0.84,66.22,10.76,169.41,318.02,ONLINE,ONLINE,3.1802,86.0786,258.35,71.72,AVAILABLE,60,0.053,1.4346
2026-03-01 16:50:00,-0.68,67.4,11.01,181.57,313.99,ONLINE,ONLINE,3.0874,88.0786,259.19,72.21,AVAILABLE,60,0.0515,1.468
2026-03-01 16:51:00,-1.12,68.92,10.59,166.85,309.95,ONLINE,ONLINE,3.0995,84.7068,258.52,70.84,AVAILABLE,60,0.0517,1.4118
2026-03-01 16:52:00,-0.91,65.17,11.27,179.93,305.89,ONLINE,ONLINE,3.0083,87.1109,259.02,73.59,AVAILABLE,60,0.0501,1.4518
2026-03-01 16:53:00,-0.95,66.31,11.04,171.44,301.82,ONLINE,ONLINE,2.968,86.5193,258.67,73.51,AVAILABLE,60,0.0495,1.442
2026-03-01 16:54:00,-0.85,64.23,10.93,178.44,297.74,ONLINE,ONLINE,2.9774,87.4033,257.99,72.81,AVAILABLE,60,0.0496,1.4567
2026-03-01 16:55:00,-1.28,67.8,11.15,186.66,293.64,ONLINE,ONLINE,2.9364,89.2193,258.86,74.82,AVAILABLE,60,0.0489,1.487
2026-03-01 16:56:00,-1.27,64.43,10.92,182.06,289.53,ONLINE,ONLINE,2.8468,87.36,258.32,72.8,AVAILABLE,60,0.0474,1.456
2026-03-01 16:57:00,-1.18,65.13,10.96,153.59,285.41,ONLINE,ONLINE,2.8541,87.7016,259.35,76.72,AVAILABLE,60,0.0476,1.4617
2026-03-01 16:58:00,-0.87,64.13,10.82,165.38,281.27,ONLINE,ONLINE,2.8127,86.5563,258.92,70.77,AVAILABLE,60,0.0469,1.4426
2026-03-01 16:59:00,-1.24,67.73,10.76,209.3,277.12,ONLINE,ONLINE,2.7712,86.054,258.98,72.78,AVAILABLE,60,0.0462,1.4342
2026-03-01 17:00:00,-1.07,67.08,10.95,184.96,272.95,ONLINE,ONLINE,2.7295,87.575,258.8,74.0,AVAILABLE,60,0.0455,1.4596
2026-03-01 17:01:00,-1.03,66.37,10.97,185.7,268.77,ONLINE,ONLINE,2.6877,87.7637,260.06,73.27,AVAILABLE,60,0.0448,1.4627
2026-03-01 17:02:00,-1.38,68.0,11.05,197.06,264.57,ONLINE,ONLINE,2.6458,88.397,260.2,73.22,AVAILABLE,60,0.0441,1.4733
2026-03-01 17:03:00,-1.36,64.79,11.16,172.32,260.37,ONLINE,ONLINE,2.6037,89.2774,259.6,73.16,AVAILABLE,60,0.0434,1.488
2026-03-01 17:04:00,-1.2,66.34,11.05,172.81,256.15,ONLINE,ONLINE,2.5614,86.627,259.96,73.16,AVAILABLE,60,0.0427,1.4438
2026-03-01 17:05:00,-1.42,63.18,11.21,190.96,251.91,ONLINE,ONLINE,2.5191,89.6667,260.13,71.54,AVAILABLE,60,0.042,1.4944
2026-03-01 17:06:00,-1.24,65.53,11.47,181.0,247.66,ONLINE,ONLINE,2.4356,91.7929,259.73,71.2,AVAILABLE,60,0.0406,1.5299
2026-03-01 17:07:00,-1.39,65.46,10.88,195.0,243.39,ONLINE,ONLINE,2.3533,85.4546,259.97,72.32,AVAILABLE,60,0.0392,1.4242
2026-03-01 17:08:00,-1.23,67.31,11.29,164.56,239.12,ONLINE,ONLINE,2.3912,90.2978,259.6,75.13,AVAILABLE,60,0.0399,1.505
2026-03-01 17:09:00,-1.64,66.19,10.68,151.98,234.82,ONLINE,ONLINE,2.3482,83.7439,261.01,72.09,AVAILABLE,60,0.0391,1.3957
2026-03-01 17:10:00,-1.61,68.47,10.75,174.73,230.52,ONLINE,ONLINE,2.2671,86.0313,259.32,75.39,AVAILABLE,60,0.0378,1.4339
2026-03-01 17:11:00,-1.4,66.99,11.43,156.67,226.2,ONLINE,ONLINE,2.2246,91.4147,260.64,72.67,AVAILABLE,60,0.0371,1.5236
2026-03-01 17:12:00,-1.66,66.29,10.85,175.41,221.86,ONLINE,ONLINE,2.1819,86.8047,260.66,71.9,AVAILABLE,60,0.0364,1.4467
2026-03-01 17:13:00,-1.6,67.36,10.93,172.15,217.52,ONLINE,ONLINE,2.1022,87.4771,260.29,71.91,AVAILABLE,60,0.035,1.458
2026-03-01 17:14:00,-1.51,67.32,10.63,180.17,213.16,ONLINE,ONLINE,2.1316,85.0179,261.14,74.35,AVAILABLE,60,0.0355,1.417
2026-03-01 17:15:00,-1.66,65.79,10.94,197.86,208.78,ONLINE,ONLINE,2.0878,86.4221,260.78,72.36,AVAILABLE,60,0.0348,1.4404
2026-03-01 17:16:00,-1.47,65.52,11.17,200.5,204.4,ONLINE,ONLINE,1.9759,89.3577,259.78,72.55,AVAILABLE,60,0.0329,1.4893
2026-03-01 17:17:00,-1.75,68.72,11.18,164.47,199.99,ONLINE,ONLINE,1.9666,89.4576,260.56,70.97,AVAILABLE,60,0.0328,1.491
2026-03-01 17:18:00,-1.8,65.45,10.93,192.44,195.57,ONLINE,ONLINE,1.9558,84.4755,261.05,72.65,AVAILABLE,60,0.0326,1.4079
2026-03-01 17:19:00,-1.78,66.69,11.09,179.56,191.15,ONLINE,ONLINE,1.8799,88.7254,260.38,72.12,AVAILABLE,60,0.0313,1.4788
2026-03-01 17:20:00,-1.85,64.43,11.42,159.99,186.7,ONLINE,ONLINE,1.8362,91.3863,261.92,74.0,AVAILABLE,60,0.0306,1.5231
2026-03-01 17:21:00,-1.71,68.22,10.79,170.41,182.24,ONLINE,ONLINE,1.7923,83.9611,260.92,71.51,AVAILABLE,60,0.0299,1.3994
2026-03-01 17:22:00,-1.97,65.7,11.36,180.4,177.77,ONLINE,ONLINE,1.7777,90.8425,262.28,73.65,AVAILABLE,60,0.0296,1.514
2026-03-01 17:23:00,-1.86,64.58,10.88,182.05,173.28,ONLINE,ONLINE,1.7328,87.0639,260.68,72.38,AVAILABLE,60,0.0289,1.4511
2026-03-01 17:24:00,-1.87,66.95,11.02,150.62,168.78,ONLINE,ONLINE,1.6878,85.2471,261.57,70.89,AVAILABLE,60,0.0281,1.4208
2026-03-01 17:25:00,-1.94,67.59,10.96,182.2,164.27,ONLINE,ONLINE,1.6157,84.8845,262.28,73.51,AVAILABLE,60,0.0269,1.4147
2026-03-01 17:26:00,-1.93,64.18,11.1,187.33,159.74,ONLINE,ONLINE,1.5974,88.7915,262.02,72.97,AVAILABLE,60,0.0266,1.4799
2026-03-01 17:27:00,-2.04,68.33,11.11,176.65,155.2,ONLINE,ONLINE,1.552,88.8905,262.49,71.53,AVAILABLE,60,0.0259,1.4815
2026-03-01 17:28:00,-2.03,66.73,11.11,199.02,150.65,ONLINE,ONLINE,1.5065,88.9125,261.61,72.66,AVAILABLE,60,0.0251,1.4819
2026-03-01 17:29:00,-2.15,66.56,10.97,157.0,146.08,ONLINE,ONLINE,1.4361,87.7959,261.84,69.09,AVAILABLE,60,0.0239,1.4633
2026-03-01 17:30:00,-2.18,67.02,10.96,206.4,141.5,ONLINE,ONLINE,1.4149,87.7048,261.57,72.51,AVAILABLE,60,0.0236,1.4617
2026-03-01 17:31:00,-2.12,64.79,10.9,165.05,136.9,ONLINE,ONLINE,1.3459,87.1804,261.81,73.2,AVAILABLE,60,0.0224,1.453
2026-03-01 17:32:00,-2.28,67.79,10.48,171.78,132.28,ONLINE,ONLINE,1.2351,83.8758,261.78,72.74,AVAILABLE,60,0.0206,1.3979
2026-03-01 17:33:00,-2.18,65.12,11.1,190.85,127.66,ONLINE,ONLINE,1.2552,87.6187,263.61,71.76,AVAILABLE,60,0.0209,1.4603
2026-03-01 17:34:00,-2.14,67.41,10.92,174.47,123.02,ONLINE,ONLINE,1.2098,87.3786,262.41,71.27,AVAILABLE,60,0.0202,1.4563
2026-03-01 17:35:00,-2.24,65.16,11.49,154.65,118.37,ONLINE,ONLINE,1.1837,90.1714,263.11,72.52,AVAILABLE,60,0.0197,1.5029
2026-03-01 17:36:00,-2.28,69.41,11.08,181.7,113.7,ONLINE,ONLINE,1.137,87.3398,262.79,73.92,AVAILABLE,60,0.019,1.4557
2026-03-01 17:37:00,-2.21,66.49,10.71,198.76,109.02,ONLINE,ONLINE,1.0539,85.6832,262.79,72.71,AVAILABLE,60,0.0176,1.4281
2026-03-01 17:38:00,-2.42,63.88,11.09,199.87,104.33,ONLINE,ONLINE,1.0433,88.6845,262.26,70.77,AVAILABLE,60,0.0174,1.4781
2026-03-01 17:39:00,-2.33,65.89,11.01,210.19,99.62,ONLINE,ONLINE,0.9962,86.3145,262.87,71.99,AVAILABLE,60,0.0166,1.4386
2026-03-01 17:40:00,-2.23,65.71,11.08,156.64,94.9,ONLINE,ONLINE,0.9333,88.6407,264.19,72.8,AVAILABLE,60,0.0156,1.4773
2026-03-01 17:41:00,-2.29,65.93,10.69,177.81,90.16,ONLINE,ONLINE,0.8865,85.4836,263.23,71.37,AVAILABLE,60,0.0148,1.4247
2026-03-01 17:42:00,-2.51,64.51,11.2,187.72,85.41,ONLINE,ONLINE,0.84,89.6288,263.06,73.38,AVAILABLE,60,0.014,1.4938
2026-03-01 17:43:00,-2.58,62.93,11.04,159.45,80.65,ONLINE,ONLINE,0.8065,88.3028,264.02,72.14,AVAILABLE,60,0.0134,1.4717
2026-03-01 17:44:00,-2.51,70.13,10.97,172.8,75.87,ONLINE,ONLINE,0.7464,84.3039,263.47,71.24,AVAILABLE,60,0.0124,1.4051
2026-03-01 17:45:00,-2.29,66.0,11.17,189.55,71.08,ONLINE,ONLINE,0.7108,89.365,262.95,73.5,AVAILABLE,60,0.0118,1.4894
2026-03-01 17:46:00,-2.42,69.21,10.84,175.71,66.28,ONLINE,ONLINE,0.6405,86.7518,263.74,69.1,AVAILABLE,60,0.0107,1.4459
2026-03-01 17:47:00,-2.44,65.66,10.62,182.61,61.45,ONLINE,ONLINE,0.6046,84.9335,263.65,72.25,AVAILABLE,60,0.0101,1.4156
2026-03-01 17:48:00,-2.75,65.25,10.86,171.25,56.62,ONLINE,ONLINE,0.5662,83.6311,263.7,74.42,AVAILABLE,60,0.0094,1.3939
2026-03-01 17:49:00,-2.77,63.33,10.73,185.4,51.77,ONLINE,ONLINE,0.5177,85.812,264.06,72.38,AVAILABLE,60,0.0086,1.4302
2026-03-01 17:50:00,-2.6,67.9,11.39,188.66,46.91,ONLINE,ONLINE,0.4691,91.134,264.01,72.36,AVAILABLE,60,0.0078,1.5189
2026-03-01 17:51:00,-2.65,63.28,10.81,186.62,42.04,ONLINE,ONLINE,0.413,84.6629,264.73,71.69,AVAILABLE,60,0.0069,1.411
2026-03-01 17:52:00,-2.74,67.45,10.98,177.91,37.15,ONLINE,ONLINE,0.3715,87.8192,264.9,73.46,AVAILABLE,60,0.0062,1.4637
2026-03-01 17:53:00,-2.81,68.35,11.07,196.66,32.25,ONLINE,ONLINE,0.3168,86.9848,264.79,74.54,AVAILABLE,60,0.0053,1.4497
2026-03-01 17:54:00,-3.0,67.76,10.71,171.83,27.33,ONLINE,ONLINE,0.2688,85.6558,264.42,72.98,AVAILABLE,60,0.0045,1.4276
2026-03-01 17:55:00,-2.78,64.39,11.05,195.31,22.4,ONLINE,ONLINE,0.224,86.6251,264.44,72.66,AVAILABLE,60,0.0037,1.4438
2026-03-01 17:56:00,-2.98,65.13,10.86,204.89,17.45,ONLINE,ONLINE,0.1713,85.1677,265.83,71.69,AVAILABLE,60,0.0029,1.4195
2026-03-01 17:57:00,-2.87,66.77,11.12,174.34,12.5,ONLINE,ONLINE,0.1227,87.7568,264.44,71.14,AVAILABLE,60,0.002,1.4626
2026-03-01 17:58:00,-2.86,66.05,10.55,183.83,7.53,ONLINE,ONLINE,0.0738,82.7962,265.01,73.68,AVAILABLE,60,0.0012,1.3799
2026-03-01 17:59:00,-3.06,66.98,11.17,156.0,2.53,ONLINE,ONLINE,0.025,89.3743,265.1,73.54,AVAILABLE,60,0.0004,1.4896
2026-03-01 18:00:00,-2.88,70.44,10.8,172.39,0.0,ONLINE,ONLINE,0.0,84.6307,265.62,69.54,AVAILABLE,60,0.0,1.4105
2026-03-01 18:01:00,-2.88,64.75,11.03,186.5,0.0,ONLINE,ONLINE,0.0,88.2144,264.63,72.84,AVAILABLE,60,0.0,1.4702
2026-03-01 18:02:00,-3.14,64.76,11.1,141.97,0.0,ONLINE,ONLINE,0.0,88.7657,265.13,72.04,AVAILABLE,60,0.0,1.4794
2026-03-01 18:03:00,-2.84,69.46,10.96,178.14,0.0,ONLINE,ONLINE,0.0,86.6021,264.59,73.22,AVAILABLE,60,0.0,1.4434
2026-03-01 18:04:00,-3.21,66.55,10.89,177.87,0.0,ONLINE,ONLINE,0.0,87.1089,264.43,71.86,AVAILABLE,60,0.0,1.4518
2026-03-01 18:05:00,-3.24,66.05,10.81,189.3,0.0,ONLINE,ONLINE,0.0,86.4962,265.89,72.64,AVAILABLE,60,0.0,1.4416
2026-03-01 18:06:00,-3.24,67.44,11.11,196.83,0.0,ONLINE,ONLINE,0.0,86.0391,266.26,73.34,AVAILABLE,60,0.0,1.434
2026-03-01 18:07:00,-3.19,69.3,10.99,172.33,0.0,ONLINE,ONLINE,0.0,87.9578,265.89,72.97,AVAILABLE,60,0.0,1.466
2026-03-01 18:08:00,-3.23,66.52,11.19,187.01,0.0,ONLINE,ONLINE,0.0,89.5322,265.83,72.6,AVAILABLE,60,0.0,1.4922
2026-03-01 18:09:00,-3.09,67.9,10.73,185.11,0.0,ONLINE,ONLINE,0.0,84.7031,266.66,75.72,AVAILABLE,60,0.0,1.4117
2026-03-01 18:10:00,-3.24,67.07,10.87,175.43,0.0,ONLINE,ONLINE,0.0,86.9585,265.98,71.89,AVAILABLE,60,0.0,1.4493
2026-03-01 18:11:00,-3.52,66.25,11.02,190.97,0.0,ONLINE,ONLINE,0.0,86.7263,265.78,72.38,AVAILABLE,60,0.0,1.4454
2026-03-01 18:12:00,-3.33,67.61,10.91,190.22,0.0,ONLINE,ONLINE,0.0,87.2737,266.15,71.35,AVAILABLE,60,0.0,1.4546
2026-03-01 18:13:00,-3.5,69.52,11.04,172.36,0.0,ONLINE,ONLINE,0.0,88.3599,266.26,72.84,AVAILABLE,60,0.0,1.4727
2026-03-01 18:14:00,-3.46,66.69,11.11,181.67,0.0,ONLINE,ONLINE,0.0,88.8648,266.88,73.4,AVAILABLE,60,0.0,1.4811
2026-03-01 18:15:00,-3.63,64.92,10.78,168.24,0.0,ONLINE,ONLINE,0.0,83.8502,266.74,71.72,AVAILABLE,60,0.0,1.3975
2026-03-01 18:16:00,-3.42,67.22,10.96,185.06,0.0,ONLINE,ONLINE,0.0,85.99,266.91,71.15,AVAILABLE,60,0.0,1.4332
2026-03-01 18:17:00,-3.63,68.8,10.84,176.4,0.0,ONLINE,ONLINE,0.0,86.6912,266.89,72.29,AVAILABLE,60,0.0,1.4449
2026-03-01 18:18:00,-3.58,65.54,11.1,180.93,0.0,ONLINE,ONLINE,0.0,87.6797,267.31,72.66,AVAILABLE,60,0.0,1.4613
2026-03-01 18:19:00,-3.61,67.81,11.27,180.55,0.0,ONLINE,ONLINE,0.0,88.5632,266.51,71.39,AVAILABLE,60,0.0,1.4761
2026-03-01 18:20:00,-3.75,66.78,10.64,152.6,0.0,ONLINE,ONLINE,0.0,85.0834,267.01,71.09,AVAILABLE,60,0.0,1.4181
2026-03-01 18:21:00,-3.73,65.03,11.1,185.36,0.0,ONLINE,ONLINE,0.0,87.1503,267.41,74.55,AVAILABLE,60,0.0,1.4525
2026-03-01 18:22:00,-3.75,66.63,11.35,192.7,0.0,ONLINE,ONLINE,0.0,90.7679,268.17,73.84,AVAILABLE,60,0.0,1.5128
2026-03-01 18:23:00,-3.77,66.7,11.12,175.79,0.0,ONLINE,ONLINE,0.0,86.5261,268.36,72.51,AVAILABLE,60,0.0,1.4421
2026-03-01 18:24:00,-3.6,67.45,10.89,177.7,0.0,ONLINE,ONLINE,0.0,87.1549,266.72,72.39,AVAILABLE,60,0.0,1.4526
2026-03-01 18:25:00,-3.55,66.41,10.72,165.39,0.0,ONLINE,ONLINE,0.0,83.0653,268.04,73.51,AVAILABLE,60,0.0,1.3844
2026-03-01 18:26:00,-3.81,66.91,10.86,182.26,0.0,ONLINE,ONLINE,0.0,85.2824,268.54,71.93,AVAILABLE,60,0.0,1.4214
2026-03-01 18:27:00,-3.95,67.74,10.66,161.44,0.0,ONLINE,ONLINE,0.0,82.3482,267.39,71.8,AVAILABLE,60,0.0,1.3725
2026-03-01 18:28:00,-3.75,65.84,11.22,182.05,0.0,ONLINE,ONLINE,0.0,89.7869,267.44,72.27,AVAILABLE,60,0.0,1.4964
2026-03-01 18:29:00,-3.76,66.49,11.12,193.96,0.0,ONLINE,ONLINE,0.0,88.9254,267.35,73.0,AVAILABLE,60,0.0,1.4821
2026-03-01 18:30:00,-4.17,67.44,10.91,179.89,0.0,ONLINE,ONLINE,0.0,87.3108,267.88,72.16,AVAILABLE,60,0.0,1.4552
2026-03-01 18:31:00,-4.0,66.72,11.21,160.68,0.0,ONLINE,ONLINE,0.0,88.0182,268.39,71.12,AVAILABLE,60,0.0,1.467
2026-03-01 18:32:00,-3.94,66.53,10.87,170.24,0.0,ONLINE,ONLINE,0.0,85.4329,268.09,72.31,AVAILABLE,60,0.0,1.4239
2026-03-01 18:33:00,-3.95,63.73,10.88,186.5,0.0,ONLINE,ONLINE,0.0,87.007,267.43,72.96,AVAILABLE,60,0.0,1.4501
2026-03-01 18:34:00,-3.95,66.05,11.12,189.4,0.0,ONLINE,ONLINE,0.0,87.2175,268.94,73.09,AVAILABLE,60,0.0,1.4536
2026-03-01 18:35:00,-4.12,66.91,11.15,199.25,0.0,ONLINE,ONLINE,0.0,87.8887,268.3,72.72,AVAILABLE,60,0.0,1.4648
2026-03-01 18:36:00,-4.26,65.2,11.15,181.9,0.0,ONLINE,ONLINE,0.0,87.3805,269.13,71.47,AVAILABLE,60,0.0,1.4563
2026-03-01 18:37:00,-4.04,64.54,11.31,187.19,0.0,ONLINE,ONLINE,0.0,90.4977,268.22,70.11,AVAILABLE,60,0.0,1.5083
2026-03-01 18:38:00,-4.1,67.23,10.74,186.46,0.0,ONLINE,ONLINE,0.0,84.7018,268.99,75.57,AVAILABLE,60,0.0,1.4117
2026-03-01 18:39:00,-4.18,64.32,10.84,178.22,0.0,ONLINE,ONLINE,0.0,83.9212,269.44,72.34,AVAILABLE,60,0.0,1.3987
2026-03-01 18:40:00,-4.37,66.8,11.43,179.22,0.0,ONLINE,ONLINE,0.0,91.4524,268.66,73.28,AVAILABLE,60,0.0,1.5242
2026-03-01 18:41:00,-4.35,65.22,11.33,185.01,0.0,ONLINE,ONLINE,0.0,90.6439,268.34,73.22,AVAILABLE,60,0.0,1.5107
2026-03-01 18:42:00,-4.11,68.2,10.98,187.18,0.0,ONLINE,ONLINE,0.0,87.8643,268.38,71.73,AVAILABLE,60,0.0,1.4644
2026-03-01 18:43:00,-4.38,65.3,10.72,174.94,0.0,ONLINE,ONLINE,0.0,85.7807,269.63,69.75,AVAILABLE,60,0.0,1.4297
2026-03-01 18:44:00,-4.56,66.71,10.98,180.16,0.0,ONLINE,ONLINE,0.0,85.0867,269.86,71.17,AVAILABLE,60,0.0,1.4181
2026-03-01 18:45:00,-4.31,67.28,11.24,193.2,0.0,ONLINE,ONLINE,0.0,88.8145,269.75,71.69,AVAILABLE,60,0.0,1.4802
2026-03-01 18:46:00,-4.57,67.0,10.9,171.04,0.0,ONLINE,ONLINE,0.0,87.1833,269.19,75.28,AVAILABLE,60,0.0,1.4531
2026-03-01 18:47:00,-4.75,69.04,10.84,186.97,0.0,ONLINE,ONLINE,0.0,86.7011,270.08,73.24,AVAILABLE,60,0.0,1.445
2026-03-01 18:48:00,-4.47,67.42,11.26,166.22,0.0,ONLINE,ONLINE,0.0,88.2081,269.79,71.95,AVAILABLE,60,0.0,1.4701
2026-03-01 18:49:00,-4.64,66.11,10.93,165.59,0.0,ONLINE,ONLINE,0.0,86.3809,268.78,70.15,AVAILABLE,60,0.0,1.4397
2026-03-01 18:50:00,-4.53,64.89,10.68,168.99,0.0,ONLINE,ONLINE,0.0,85.4405,270.31,74.0,AVAILABLE,60,0.0,1.424
2026-03-01 18:51:00,-4.81,67.42,11.02,174.01,0.0,ONLINE,ONLINE,0.0,86.9272,270.63,72.8,AVAILABLE,60,0.0,1.4488
2026-03-01 18:52:00,-4.6,68.12,10.81,202.37,0.0,ONLINE,ONLINE,0.0,86.4739,270.27,73.27,AVAILABLE,60,0.0,1.4412
2026-03-01 18:53:00,-4.65,64.73,10.83,153.09,0.0,ONLINE,ONLINE,0.0,85.4253,269.59,73.84,AVAILABLE,60,0.0,1.4238
2026-03-01 18:54:00,-4.54,67.37,11.13,209.07,0.0,ONLINE,ONLINE,0.0,87.303,270.84,74.08,AVAILABLE,60,0.0,1.455
2026-03-01 18:55:00,-4.72,63.59,11.21,158.67,0.0,ONLINE,ONLINE,0.0,89.674,271.43,72.09,AVAILABLE,60,0.0,1.4946
2026-03-01 18:56:00,-4.6,66.61,10.56,186.89,0.0,ONLINE,ONLINE,0.0,83.0109,271.0,73.07,AVAILABLE,60,0.0,1.3835
2026-03-01 18:57:00,-4.74,67.41,10.92,205.74,0.0,ONLINE,ONLINE,0.0,87.3382,270.65,73.55,AVAILABLE,60,0.0,1.4556
2026-03-01 18:58:00,-4.98,67.36,11.05,181.57,0.0,ONLINE,ONLINE,0.0,87.2275,270.65,73.3,AVAILABLE,60,0.0,1.4538
2026-03-01 18:59:00,-4.7,66.19,11.03,205.88,0.0,ONLINE,ONLINE,0.0,87.0077,269.54,70.22,AVAILABLE,60,0.0,1.4501
2026-03-01 19:00:00,-5.08,65.01,11.12,167.2,0.0,ONLINE,ONLINE,0.0,88.9764,271.83,73.42,AVAILABLE,60,0.0,1.4829
2026-03-01 19:01:00,-4.8,68.2,10.6,177.93,0.0,ONLINE,ONLINE,0.0,84.756,270.53,72.98,AVAILABLE,60,0.0,1.4126
2026-03-01 19:02:00,-4.91,67.4,11.05,188.22,0.0,ONLINE,ONLINE,0.0,88.4247,270.9,73.14,AVAILABLE,60,0.0,1.4737
2026-03-01 19:03:00,-4.95,68.91,10.63,189.46,0.0,ONLINE,ONLINE,0.0,85.0641,271.48,72.04,AVAILABLE,60,0.0,1.4177
2026-03-01 19:04:00,-4.89,67.69,10.74,178.95,0.0,ONLINE,ONLINE,0.0,81.7903,272.34,72.86,AVAILABLE,60,0.0,1.3632
2026-03-01 19:05:00,-4.97,66.95,10.95,177.76,0.0,ONLINE,ONLINE,0.0,84.9935,270.31,72.31,AVAILABLE,60,0.0,1.4166
2026-03-01 19:06:00,-5.11,68.64,11.0,179.79,0.0,ONLINE,ONLINE,0.0,86.2814,271.97,73.09,AVAILABLE,60,0.0,1.438
2026-03-01 19:07:00,-5.11,65.82,10.99,197.38,0.0,ONLINE,ONLINE,0.0,86.3557,270.83,72.89,AVAILABLE,60,0.0,1.4393
2026-03-01 19:08:00,-4.91,67.69,11.19,186.0,0.0,ONLINE,ONLINE,0.0,88.426,271.26,70.43,AVAILABLE,60,0.0,1.4738
2026-03-01 19:09:00,-4.95,65.83,10.35,177.85,0.0,ONLINE,ONLINE,0.0,81.596,272.69,72.74,AVAILABLE,60,0.0,1.3599
2026-03-01 19:10:00,-5.12,68.99,11.5,166.84,0.0,ONLINE,ONLINE,0.0,91.9843,271.61,72.76,AVAILABLE,60,0.0,1.5331
2026-03-01 19:11:00,-5.14,65.82,10.68,163.15,0.0,ONLINE,ONLINE,0.0,81.4055,271.85,72.11,AVAILABLE,60,0.0,1.3568
2026-03-01 19:12:00,-5.01,66.05,11.17,208.05,0.0,ONLINE,ONLINE,0.0,89.3924,271.29,72.69,AVAILABLE,60,0.0,1.4899
2026-03-01 19:13:00,-5.16,65.84,11.0,189.84,0.0,ONLINE,ONLINE,0.0,86.6248,271.79,71.2,AVAILABLE,60,0.0,1.4437
2026-03-01 19:14:00,-5.24,66.67,11.07,186.26,0.0,ONLINE,ONLINE,0.0,87.4881,272.21,70.52,AVAILABLE,60,0.0,1.4581
2026-03-01 19:15:00,-5.23,66.81,10.76,181.99,0.0,ONLINE,ONLINE,0.0,84.9031,272.87,72.64,AVAILABLE,60,0.0,1.4151
2026-03-01 19:16:00,-5.32,65.81,10.71,177.41,0.0,ONLINE,ONLINE,0.0,85.6614,272.36,75.22,AVAILABLE,60,0.0,1.4277
2026-03-01 19:17:00,-5.39,65.65,11.5,164.19,0.0,ONLINE,ONLINE,0.0,91.9767,272.36,72.08,AVAILABLE,60,0.0,1.5329
2026-03-01 19:18:00,-5.5,67.66,11.08,188.89,0.0,ONLINE,ONLINE,0.0,87.4877,272.32,73.55,AVAILABLE,60,0.0,1.4581
2026-03-01 19:19:00,-5.42,65.84,11.24,163.59,0.0,ONLINE,ONLINE,0.0,89.9158,272.72,73.23,AVAILABLE,60,0.0,1.4986
2026-03-01 19:20:00,-5.41,68.7,11.47,184.41,0.0,ONLINE,ONLINE,0.0,91.7736,273.61,71.52,AVAILABLE,60,0.0,1.5296
2026-03-01 19:21:00,-5.72,68.07,10.84,187.57,0.0,ONLINE,ONLINE,0.0,83.6155,273.44,71.44,AVAILABLE,60,0.0,1.3936
2026-03-01 19:22:00,-5.56,65.54,11.0,188.63,0.0,ONLINE,ONLINE,0.0,84.9683,273.26,72.74,AVAILABLE,60,0.0,1.4161
2026-03-01 19:23:00,-5.5,66.13,10.95,185.86,0.0,ONLINE,ONLINE,0.0,84.6527,273.21,73.92,AVAILABLE,60,0.0,1.4109
2026-03-01 19:24:00,-5.65,65.58,11.05,203.49,0.0,ONLINE,ONLINE,0.0,87.2923,274.02,72.19,AVAILABLE,60,0.0,1.4549
2026-03-01 19:25:00,-5.43,65.62,11.1,180.32,0.0,ONLINE,ONLINE,0.0,88.7962,273.86,73.21,AVAILABLE,60,0.0,1.4799
2026-03-01 19:26:00,-5.59,69.38,11.12,144.72,0.0,ONLINE,ONLINE,0.0,87.4198,274.05,72.7,AVAILABLE,60,0.0,1.457
2026-03-01 19:27:00,-5.59,66.76,10.73,188.67,0.0,ONLINE,ONLINE,0.0,85.8485,274.49,73.17,AVAILABLE,60,0.0,1.4308
2026-03-01 19:28:00,-5.83,66.75,10.99,173.15,0.0,ONLINE,ONLINE,0.0,87.9278,274.25,73.24,AVAILABLE,60,0.0,1.4655
2026-03-01 19:29:00,-5.77,69.98,11.11,168.92,0.0,ONLINE,ONLINE,0.0,88.918,274.17,73.04,AVAILABLE,60,0.0,1.482
2026-03-01 19:30:00,-5.67,65.74,11.26,185.44,0.0,ONLINE,ONLINE,0.0,87.3017,273.67,70.74,AVAILABLE,60,0.0,1.455
2026-03-01 19:31:00,-5.71,68.29,10.95,175.05,0.0,ONLINE,ONLINE,0.0,84.7387,275.64,72.27,AVAILABLE,60,0.0,1.4123
2026-03-01 19:32:00,-5.74,67.25,10.86,195.08,0.0,ONLINE,ONLINE,0.0,83.0409,274.42,70.73,AVAILABLE,60,0.0,1.384
2026-03-01 19:33:00,-5.86,66.93,11.22,173.56,0.0,ONLINE,ONLINE,0.0,89.7455,274.48,70.94,AVAILABLE,60,0.0,1.4958
2026-03-01 19:34:00,-5.9,65.12,10.91,168.07,0.0,ONLINE,ONLINE,0.0,84.0605,273.49,71.59,AVAILABLE,60,0.0,1.401
2026-03-01 19:35:00,-5.86,66.93,10.77,148.22,0.0,ONLINE,ONLINE,0.0,86.1583,274.86,71.22,AVAILABLE,60,0.0,1.436
2026-03-01 19:36:00,-5.72,68.62,11.23,165.58,0.0,ONLINE,ONLINE,0.0,86.4327,273.97,72.15,AVAILABLE,60,0.0,1.4405
2026-03-01 19:37:00,-5.91,64.91,11.43,169.07,0.0,ONLINE,ONLINE,0.0,89.792,274.34,71.28,AVAILABLE,60,0.0,1.4965
2026-03-01 19:38:00,-5.86,64.31,10.96,209.04,0.0,ONLINE,ONLINE,0.0,87.6977,275.51,70.37,AVAILABLE,60,0.0,1.4616
2026-03-01 19:39:00,-5.92,65.24,10.8,159.2,0.0,ONLINE,ONLINE,0.0,86.4166,274.03,72.03,AVAILABLE,60,0.0,1.4403
2026-03-01 19:40:00,-6.01,62.93,11.59,172.98,0.0,ONLINE,ONLINE,0.0,91.0907,275.53,71.09,AVAILABLE,60,0.0,1.5182
2026-03-01 19:41:00,-6.12,64.92,11.13,170.0,0.0,ONLINE,ONLINE,0.0,89.037,274.59,72.38,AVAILABLE,60,0.0,1.4839
2026-03-01 19:42:00,-6.22,67.16,11.18,170.34,0.0,ONLINE,ONLINE,0.0,87.5822,274.66,74.64,AVAILABLE,60,0.0,1.4597
2026-03-01 19:43:00,-6.37,69.92,11.02,194.39,0.0,ONLINE,ONLINE,0.0,86.8977,274.43,72.25,AVAILABLE,60,0.0,1.4483
2026-03-01 19:44:00,-6.18,68.07,10.9,177.69,0.0,ONLINE,ONLINE,0.0,87.2056,274.69,73.1,AVAILABLE,60,0.0,1.4534
2026-03-01 19:45:00,-6.2,66.89,11.15,179.75,0.0,ONLINE,ONLINE,0.0,89.1739,275.76,75.0,AVAILABLE,60,0.0,1.4862
2026-03-01 19:46:00,-6.49,64.08,11.06,195.36,0.0,ONLINE,ONLINE,0.0,88.4549,274.9,71.44,AVAILABLE,60,0.0,1.4742
2026-03-01 19:47:00,-6.46,65.35,10.63,194.95,0.0,ONLINE,ONLINE,0.0,85.0289,275.66,72.28,AVAILABLE,60,0.0,1.4171
2026-03-01 19:48:00,-6.3,66.06,10.64,175.95,0.0,ONLINE,ONLINE,0.0,82.75,274.04,73.78,AVAILABLE,60,0.0,1.3792
2026-03-01 19:49:00,-6.24,61.74,11.4,197.54,0.0,ONLINE,ONLINE,0.0,91.2159,276.28,70.67,AVAILABLE,60,0.0,1.5203
2026-03-01 19:50:00,-6.47,63.97,11.08,158.95,0.0,ONLINE,ONLINE,0.0,86.9592,276.31,72.74,AVAILABLE,60,0.0,1.4493
2026-03-01 19:51:00,-6.33,67.12,11.29,197.14,0.0,ONLINE,ONLINE,0.0,89.1042,276.08,71.83,AVAILABLE,60,0.0,1.4851
2026-03-01 19:52:00,-6.53,67.35,11.1,184.78,0.0,ONLINE,ONLINE,0.0,87.2205,275.31,73.31,AVAILABLE,60,0.0,1.4537
2026-03-01 19:53:00,-6.63,64.37,10.88,187.2,0.0,ONLINE,ONLINE,0.0,85.6928,274.98,72.61,AVAILABLE,60,0.0,1.4282
2026-03-01 19:54:00,-6.48,65.52,10.91,181.18,0.0,ONLINE,ONLINE,0.0,86.0462,277.3,71.55,AVAILABLE,60,0.0,1.4341
2026-03-01 19:55:00,-6.55,65.82,10.89,168.21,0.0,ONLINE,ONLINE,0.0,85.7766,276.47,73.45,AVAILABLE,60,0.0,1.4296
2026-03-01 19:56:00,-6.63,66.0,10.93,183.64,0.0,ONLINE,ONLINE,0.0,87.45,276.51,70.51,AVAILABLE,60,0.0,1.4575
2026-03-01 19:57:00,-6.54,67.42,10.95,181.07,0.0,ONLINE,ONLINE,0.0,85.7638,274.86,73.12,AVAILABLE,60,0.0,1.4294
2026-03-01 19:58:00,-6.57,70.57,11.1,174.83,0.0,ONLINE,ONLINE,0.0,88.7842,275.54,74.87,AVAILABLE,60,0.0,1.4797
2026-03-01 19:59:00,-6.52,67.15,10.97,187.31,0.0,ONLINE,ONLINE,0.0,87.7538,276.62,75.39,AVAILABLE,60,0.0,1.4626
2026-03-01 20:00:00,-6.52,69.11,11.11,181.2,0.0,ONLINE,ONLINE,0.0,87.2699,276.59,73.37,AVAILABLE,60,0.0,1.4545
2026-03-01 20:01:00,-6.71,66.29,10.96,190.91,0.0,ONLINE,ONLINE,0.0,86.1583,276.98,71.95,AVAILABLE,60,0.0,1.436
2026-03-01 20:02:00,-6.76,66.53,10.91,184.29,0.0,ONLINE,ONLINE,0.0,87.2756,276.7,72.31,AVAILABLE,60,0.0,1.4546
2026-03-01 20:03:00,-6.64,65.24,11.19,172.2,0.0,ONLINE,ONLINE,0.0,89.5394,277.11,71.62,AVAILABLE,60,0.0,1.4923
2026-03-01 20:04:00,-6.65,67.43,11.07,198.9,0.0,ONLINE,ONLINE,0.0,85.7497,276.81,74.15,AVAILABLE,60,0.0,1.4292
2026-03-01 20:05:00,-6.78,64.56,10.63,181.7,0.0,ONLINE,ONLINE,0.0,85.0762,277.52,70.87,AVAILABLE,60,0.0,1.4179
2026-03-01 20:06:00,-6.93,64.24,10.75,199.18,0.0,ONLINE,ONLINE,0.0,84.5909,277.28,71.24,AVAILABLE,60,0.0,1.4098
2026-03-01 20:07:00,-6.93,69.18,11.15,190.84,0.0,ONLINE,ONLINE,0.0,87.6647,277.88,71.66,AVAILABLE,60,0.0,1.4611
2026-03-01 20:08:00,-6.94,69.12,10.64,181.76,0.0,ONLINE,ONLINE,0.0,83.3624,277.79,75.81,AVAILABLE,60,0.0,1.3894
2026-03-01 20:09:00,-6.85,65.14,10.87,199.79,0.0,ONLINE,ONLINE,0.0,86.9252,277.78,74.63,AVAILABLE,60,0.0,1.4488
2026-03-01 20:10:00,-6.99,66.96,11.23,161.28,0.0,ONLINE,ONLINE,0.0,89.7981,276.89,74.74,AVAILABLE,60,0.0,1.4966
2026-03-01 20:11:00,-7.14,67.18,11.4,185.84,0.0,ONLINE,ONLINE,0.0,90.0638,278.16,71.81,AVAILABLE,60,0.0,1.5011
2026-03-01 20:12:00,-7.21,67.18,11.07,212.59,0.0,ONLINE,ONLINE,0.0,86.76,277.95,72.7,AVAILABLE,60,0.0,1.446
2026-03-01 20:13:00,-7.05,66.68,11.19,171.07,0.0,ONLINE,ONLINE,0.0,88.2773,277.49,73.9,AVAILABLE,60,0.0,1.4713
2026-03-01 20:14:00,-7.18,65.7,11.04,167.33,0.0,ONLINE,ONLINE,0.0,84.8011,277.96,74.33,AVAILABLE,60,0.0,1.4134
2026-03-01 20:15:00,-7.21,65.67,11.51,169.69,0.0,ONLINE,ONLINE,0.0,92.0565,278.5,71.78,AVAILABLE,60,0.0,1.5343
2026-03-01 20:16:00,-7.21,68.31,11.11,198.78,0.0,ONLINE,ONLINE,0.0,87.0935,278.61,73.2,AVAILABLE,60,0.0,1.4516
2026-03-01 20:17:00,-7.3,66.15,10.83,181.42,0.0,ONLINE,ONLINE,0.0,86.6192,278.74,74.17,AVAILABLE,60,0.0,1.4437
2026-03-01 20:18:00,-7.21,64.06,11.04,181.6,0.0,ONLINE,ONLINE,0.0,88.3404,278.26,74.05,AVAILABLE,60,0.0,1.4723
2026-03-01 20:19:00,-7.21,66.16,10.95,192.88,0.0,ONLINE,ONLINE,0.0,86.5028,278.71,71.25,AVAILABLE,60,0.0,1.4417
2026-03-01 20:20:00,-7.28,70.42,10.76,176.39,0.0,ONLINE,ONLINE,0.0,86.053,279.79,74.59,AVAILABLE,60,0.0,1.4342
2026-03-01 20:21:00,-7.16,65.36,10.86,204.75,0.0,ONLINE,ONLINE,0.0,86.8593,278.64,70.55,AVAILABLE,60,0.0,1.4477
2026-03-01 20:22:00,-7.53,67.42,11.02,176.9,0.0,ONLINE,ONLINE,0.0,88.1349,278.66,71.92,AVAILABLE,60,0.0,1.4689
2026-03-01 20:23:00,-7.39,64.43,10.99,161.41,0.0,ONLINE,ONLINE,0.0,87.909,279.41,73.12,AVAILABLE,60,0.0,1.4651
2026-03-01 20:24:00,-7.47,64.61,11.08,173.66,0.0,ONLINE,ONLINE,0.0,88.6334,278.67,74.9,AVAILABLE,60,0.0,1.4772
2026-03-01 20:25:00,-7.33,65.95,11.3,195.13,0.0,ONLINE,ONLINE,0.0,89.283,277.4,72.16,AVAILABLE,60,0.0,1.4881
2026-03-01 20:26:00,-7.58,64.51,10.92,157.49,0.0,ONLINE,ONLINE,0.0,84.8669,278.42,71.36,AVAILABLE,60,0.0,1.4144
2026-03-01 20:27:00,-7.54,67.56,10.84,196.53,0.0,ONLINE,ONLINE,0.0,86.684,280.87,75.86,AVAILABLE,60,0.0,1.4447
2026-03-01 20:28:00,-7.38,66.6,10.56,182.24,0.0,ONLINE,ONLINE,0.0,84.4743,279.16,73.1,AVAILABLE,60,0.0,1.4079
2026-03-01 20:29:00,-7.7,67.74,11.04,177.76,0.0,ONLINE,ONLINE,0.0,86.8303,278.78,69.81,AVAILABLE,60,0.0,1.4472
2026-03-01 20:30:00,-7.51,65.69,10.95,182.25,0.0,ONLINE,ONLINE,0.0,86.489,280.42,73.08,AVAILABLE,60,0.0,1.4415
2026-03-01 20:31:00,-7.53,65.62,11.03,175.03,0.0,ONLINE,ONLINE,0.0,88.2276,280.84,73.62,AVAILABLE,60,0.0,1.4705
2026-03-01 20:32:00,-7.77,68.94,10.92,177.75,0.0,ONLINE,ONLINE,0.0,84.8699,278.85,72.41,AVAILABLE,60,0.0,1.4145
2026-03-01 20:33:00,-7.39,65.2,11.23,171.28,0.0,ONLINE,ONLINE,0.0,85.1594,279.84,69.39,AVAILABLE,60,0.0,1.4193
2026-03-01 20:34:00,-7.54,65.65,11.62,190.68,0.0,ONLINE,ONLINE,0.0,92.9778,280.23,73.06,AVAILABLE,60,0.0,1.5496
2026-03-01 20:35:00,-7.85,64.06,11.18,175.8,0.0,ONLINE,ONLINE,0.0,88.0539,280.36,68.93,AVAILABLE,60,0.0,1.4676
2026-03-01 20:36:00,-7.84,66.08,11.45,168.94,0.0,ONLINE,ONLINE,0.0,91.5728,280.15,74.42,AVAILABLE,60,0.0,1.5262
2026-03-01 20:37:00,-7.79,63.21,11.11,200.2,0.0,ONLINE,ONLINE,0.0,86.179,279.36,72.66,AVAILABLE,60,0.0,1.4363
2026-03-01 20:38:00,-7.87,66.5,11.05,163.91,0.0,ONLINE,ONLINE,0.0,86.9418,279.61,74.02,AVAILABLE,60,0.0,1.449
2026-03-01 20:39:00,-7.76,67.12,10.83,212.75,0.0,ONLINE,ONLINE,0.0,83.9607,281.14,71.59,AVAILABLE,60,0.0,1.3993
2026-03-01 20:40:00,-7.88,67.6,11.32,157.41,0.0,ONLINE,ONLINE,0.0,90.5634,281.31,72.86,AVAILABLE,60,0.0,1.5094
2026-03-01 20:41:00,-8.02,68.48,10.69,190.91,0.0,ONLINE,ONLINE,0.0,85.5036,280.87,72.97,AVAILABLE,60,0.0,1.4251
2026-03-01 20:42:00,-8.05,67.72,10.85,167.36,0.0,ONLINE,ONLINE,0.0,86.8043,281.03,71.96,AVAILABLE,60,0.0,1.4467
2026-03-01 20:43:00,-7.9,67.26,10.81,188.05,0.0,ONLINE,ONLINE,0.0,82.2744,280.32,73.21,AVAILABLE,60,0.0,1.3712
2026-03-01 20:44:00,-8.07,67.54,10.56,179.86,0.0,ONLINE,ONLINE,0.0,84.4999,281.4,72.03,AVAILABLE,60,0.0,1.4083
2026-03-01 20:45:00,-7.79,66.41,10.46,182.08,0.0,ONLINE,ONLINE,0.0,82.4529,280.91,74.09,AVAILABLE,60,0.0,1.3742
2026-03-01 20:46:00,-8.15,69.08,10.98,172.67,0.0,ONLINE,ONLINE,0.0,87.8417,280.82,72.27,AVAILABLE,60,0.0,1.464
2026-03-01 20:47:00,-8.07,67.57,10.84,187.96,0.0,ONLINE,ONLINE,0.0,86.7064,281.92,72.18,AVAILABLE,60,0.0,1.4451
2026-03-01 20:48:00,-8.26,63.5,11.02,192.78,0.0,ONLINE,ONLINE,0.0,88.1257,282.49,73.86,AVAILABLE,60,0.0,1.4688
2026-03-01 20:49:00,-8.18,66.16,11.04,194.63,0.0,ONLINE,ONLINE,0.0,88.3,280.82,75.68,AVAILABLE,60,0.0,1.4717
2026-03-01 20:50:00,-8.45,66.34,10.88,188.21,0.0,ONLINE,ONLINE,0.0,84.3062,281.77,71.86,AVAILABLE,60,0.0,1.4051
2026-03-01 20:51:00,-8.38,63.56,10.97,168.83,0.0,ONLINE,ONLINE,0.0,87.7801,281.85,70.51,AVAILABLE,60,0.0,1.463
2026-03-01 20:52:00,-8.27,63.32,10.95,175.01,0.0,ONLINE,ONLINE,0.0,86.5183,281.75,74.2,AVAILABLE,60,0.0,1.442
2026-03-01 20:53:00,-8.21,66.29,10.94,183.41,0.0,ONLINE,ONLINE,0.0,87.5265,282.32,70.87,AVAILABLE,60,0.0,1.4588
2026-03-01 20:54:00,-8.3,65.82,11.18,160.5,0.0,ONLINE,ONLINE,0.0,89.4346,281.49,73.84,AVAILABLE,60,0.0,1.4906
2026-03-01 20:55:00,-8.38,68.84,11.58,158.24,0.0,ONLINE,ONLINE,0.0,91.528,282.38,72.25,AVAILABLE,60,0.0,1.5255
2026-03-01 20:56:00,-8.41,66.18,10.93,188.52,0.0,ONLINE,ONLINE,0.0,84.0671,282.16,71.52,AVAILABLE,60,0.0,1.4011
2026-03-01 20:57:00,-8.39,67.17,10.93,176.78,0.0,ONLINE,ONLINE,0.0,87.4464,282.4,74.4,AVAILABLE,60,0.0,1.4574
2026-03-01 20:58:00,-8.35,69.08,10.91,187.9,0.0,ONLINE,ONLINE,0.0,87.2894,283.01,70.86,AVAILABLE,60,0.0,1.4548
2026-03-01 20:59:00,-8.41,67.26,10.91,161.77,0.0,ONLINE,ONLINE,0.0,87.2562,282.59,73.44,AVAILABLE,60,0.0,1.4543
2026-03-01 21:00:00,-8.49,66.34,11.06,188.68,0.0,ONLINE,ONLINE,0.0,88.4386,282.58,74.53,AVAILABLE,60,0.0,1.474
2026-03-01 21:01:00,-8.4,65.35,10.94,182.17,0.0,ONLINE,ONLINE,0.0,87.5247,282.84,75.01,AVAILABLE,60,0.0,1.4587
2026-03-01 21:02:00,-8.38,65.92,11.12,174.15,0.0,ONLINE,ONLINE,0.0,87.5614,282.03,72.62,AVAILABLE,60,0.0,1.4594
2026-03-01 21:03:00,-8.46,66.4,10.87,164.31,0.0,ONLINE,ONLINE,0.0,86.9946,283.61,71.88,AVAILABLE,60,0.0,1.4499
2026-03-01 21:04:00,-8.69,66.6,10.7,184.45,0.0,ONLINE,ONLINE,0.0,85.5935,282.88,73.25,AVAILABLE,60,0.0,1.4266
2026-03-01 21:05:00,-8.57,65.71,11.14,190.93,0.0,ONLINE,ONLINE,0.0,87.4185,282.46,72.03,AVAILABLE,60,0.0,1.457
2026-03-01 21:06:00,-9.0,66.14,10.97,179.35,0.0,ONLINE,ONLINE,0.0,87.8029,282.04,70.4,AVAILABLE,60,0.0,1.4634
2026-03-01 21:07:00,-8.9,65.85,11.03,173.68,0.0,ONLINE,ONLINE,0.0,88.2691,282.78,70.44,AVAILABLE,60,0.0,1.4712
2026-03-01 21:08:00,-8.72,65.71,10.82,182.28,0.0,ONLINE,ONLINE,0.0,86.536,284.05,69.44,AVAILABLE,60,0.0,1.4423
2026-03-01 21:09:00,-8.83,68.06,10.94,173.78,0.0,ONLINE,ONLINE,0.0,87.5443,283.1,71.94,AVAILABLE,60,0.0,1.4591
2026-03-01 21:10:00,-8.65,66.15,11.67,177.73,0.0,ONLINE,ONLINE,0.0,92.2589,282.63,72.84,AVAILABLE,60,0.0,1.5376
2026-03-01 21:11:00,-8.71,66.36,10.6,176.74,0.0,ONLINE,ONLINE,0.0,83.2979,284.89,72.95,AVAILABLE,60,0.0,1.3883
2026-03-01 21:12:00,-8.95,66.09,10.89,173.41,0.0,ONLINE,ONLINE,0.0,83.6738,283.25,71.94,AVAILABLE,60,0.0,1.3946
2026-03-01 21:13:00,-8.94,67.47,10.93,189.17,0.0,ONLINE,ONLINE,0.0,85.8303,284.02,71.97,AVAILABLE,60,0.0,1.4305
2026-03-01 21:14:00,-8.96,69.83,11.14,186.16,0.0,ONLINE,ONLINE,0.0,87.4563,284.53,71.83,AVAILABLE,60,0.0,1.4576
2026-03-01 21:15:00,-8.85,65.58,11.35,171.34,0.0,ONLINE,ONLINE,0.0,87.7582,284.46,70.46,AVAILABLE,60,0.0,1.4626
2026-03-01 21:16:00,-9.1,66.04,11.15,198.3,0.0,ONLINE,ONLINE,0.0,89.1961,283.9,72.38,AVAILABLE,60,0.0,1.4866
2026-03-01 21:17:00,-9.07,67.63,10.98,177.22,0.0,ONLINE,ONLINE,0.0,87.8273,284.27,72.26,AVAILABLE,60,0.0,1.4638
2026-03-01 21:18:00,-9.16,66.98,10.88,171.38,0.0,ONLINE,ONLINE,0.0,85.4822,285.0,70.53,AVAILABLE,60,0.0,1.4247
2026-03-01 21:19:00,-9.12,68.65,11.04,176.56,0.0,ONLINE,ONLINE,0.0,88.3478,283.88,70.14,AVAILABLE,60,0.0,1.4725
2026-03-01 21:20:00,-8.94,64.89,11.04,161.66,0.0,ONLINE,ONLINE,0.0,86.8429,284.3,74.43,AVAILABLE,60,0.0,1.4474
2026-03-01 21:21:00,-9.05,67.97,11.15,210.39,0.0,ONLINE,ONLINE,0.0,87.7049,284.52,74.51,AVAILABLE,60,0.0,1.4617
2026-03-01 21:22:00,-9.07,65.67,10.97,155.91,0.0,ONLINE,ONLINE,0.0,87.7756,284.21,71.92,AVAILABLE,60,0.0,1.4629
2026-03-01 21:23:00,-9.07,63.91,10.95,209.86,0.0,ONLINE,ONLINE,0.0,86.1983,285.5,72.76,AVAILABLE,60,0.0,1.4366
2026-03-01 21:24:00,-9.22,65.2,11.46,171.33,0.0,ONLINE,ONLINE,0.0,91.6917,284.94,72.43,AVAILABLE,60,0.0,1.5282
2026-03-01 21:25:00,-9.22,67.06,11.06,170.85,0.0,ONLINE,ONLINE,0.0,88.5101,284.35,75.04,AVAILABLE,60,0.0,1.4752
2026-03-01 21:26:00,-9.3,64.26,10.96,172.47,0.0,ONLINE,ONLINE,0.0,87.6682,284.34,73.44,AVAILABLE,60,0.0,1.4611
2026-03-01 21:27:00,-9.12,65.31,10.85,189.72,0.0,ONLINE,ONLINE,0.0,86.808,285.52,71.31,AVAILABLE,60,0.0,1.4468
2026-03-01 21:28:00,-9.45,67.42,10.77,176.89,0.0,ONLINE,ONLINE,0.0,84.9186,284.85,72.82,AVAILABLE,60,0.0,1.4153
2026-03-01 21:29:00,-9.31,67.21,10.81,192.2,0.0,ONLINE,ONLINE,0.0,84.7758,285.12,71.65,AVAILABLE,60,0.0,1.4129
2026-03-01 21:30:00,-9.5,66.05,10.89,194.11,0.0,ONLINE,ONLINE,0.0,87.0919,285.58,74.66,AVAILABLE,60,0.0,1.4515
2026-03-01 21:31:00,-9.4,66.34,10.72,179.15,0.0,ONLINE,ONLINE,0.0,85.7509,286.07,73.33,AVAILABLE,60,0.0,1.4292
2026-03-01 21:32:00,-9.49,67.75,10.89,174.53,0.0,ONLINE,ONLINE,0.0,87.1332,285.61,72.65,AVAILABLE,60,0.0,1.4522
2026-03-01 21:33:00,-9.68,68.09,10.9,167.17,0.0,ONLINE,ONLINE,0.0,87.2324,285.57,71.39,AVAILABLE,60,0.0,1.4539
2026-03-01 21:34:00,-9.75,65.69,11.22,190.37,0.0,ONLINE,ONLINE,0.0,89.7304,285.66,72.89,AVAILABLE,60,0.0,1.4955
2026-03-01 21:35:00,-9.49,66.18,11.15,185.47,0.0,ONLINE,ONLINE,0.0,86.166,285.51,73.32,AVAILABLE,60,0.0,1.4361
2026-03-01 21:36:00,-9.64,65.53,11.04,175.32,0.0,ONLINE,ONLINE,0.0,88.3359,287.18,72.19,AVAILABLE,60,0.0,1.4723
2026-03-01 21:37:00,-9.61,66.53,11.02,176.07,0.0,ONLINE,ONLINE,0.0,85.7498,286.44,73.02,AVAILABLE,60,0.0,1.4292
2026-03-01 21:38:00,-9.69,62.51,10.96,184.72,0.0,ONLINE,ONLINE,0.0,86.2948,287.59,70.88,AVAILABLE,60,0.0,1.4382
2026-03-01 21:39:00,-9.64,67.59,10.96,194.1,0.0,ONLINE,ONLINE,0.0,87.7122,286.57,73.31,AVAILABLE,60,0.0,1.4619
2026-03-01 21:40:00,-9.72,65.74,11.01,190.14,0.0,ONLINE,ONLINE,0.0,86.509,286.3,74.17,AVAILABLE,60,0.0,1.4418
2026-03-01 21:41:00,-9.71,65.27,11.33,169.13,0.0,ONLINE,ONLINE,0.0,90.6605,287.52,71.87,AVAILABLE,60,0.0,1.511
2026-03-01 21:42:00,-9.98,67.18,11.04,168.79,0.0,ONLINE,ONLINE,0.0,88.3348,286.39,73.9,AVAILABLE,60,0.0,1.4722
2026-03-01 21:43:00,-9.74,65.96,10.63,177.88,0.0,ONLINE,ONLINE,0.0,85.0336,287.01,70.71,AVAILABLE,60,0.0,1.4172
2026-03-01 21:44:00,-9.91,63.9,10.98,187.65,0.0,ONLINE,ONLINE,0.0,87.8222,287.46,70.4,AVAILABLE,60,0.0,1.4637
2026-03-01 21:45:00,-9.8,70.84,11.0,206.1,0.0,ONLINE,ONLINE,0.0,86.1981,288.0,71.2,AVAILABLE,60,0.0,1.4366
2026-03-01 21:46:00,-10.22,65.56,10.99,191.2,0.0,ONLINE,ONLINE,0.0,87.9352,287.23,72.82,AVAILABLE,60,0.0,1.4656
2026-03-01 21:47:00,-10.07,64.56,10.96,177.65,0.0,ONLINE,ONLINE,0.0,84.599,287.47,73.49,AVAILABLE,60,0.0,1.41
2026-03-01 21:48:00,-10.06,63.15,10.67,175.36,0.0,ONLINE,ONLINE,0.0,82.2531,287.36,72.0,AVAILABLE,60,0.0,1.3709
2026-03-01 21:49:00,-9.87,68.83,10.71,197.68,0.0,ONLINE,ONLINE,0.0,85.6837,286.71,73.55,AVAILABLE,60,0.0,1.4281
2026-03-01 21:50:00,-9.79,68.67,11.08,189.74,0.0,ONLINE,ONLINE,0.0,88.652,286.55,71.0,AVAILABLE,60,0.0,1.4775
2026-03-01 21:51:00,-10.09,67.88,10.79,165.05,0.0,ONLINE,ONLINE,0.0,83.5227,286.8,73.26,AVAILABLE,60,0.0,1.392
2026-03-01 21:52:00,-10.11,64.42,11.22,202.21,0.0,ONLINE,ONLINE,0.0,86.8257,287.35,73.63,AVAILABLE,60,0.0,1.4471
2026-03-01 21:53:00,-9.98,67.34,10.72,162.41,0.0,ONLINE,ONLINE,0.0,85.7731,287.26,74.97,AVAILABLE,60,0.0,1.4296
2026-03-01 21:54:00,-10.25,63.41,10.96,192.98,0.0,ONLINE,ONLINE,0.0,85.9223,287.75,69.81,AVAILABLE,60,0.0,1.432
2026-03-01 21:55:00,-10.17,68.95,11.02,194.75,0.0,ONLINE,ONLINE,0.0,86.5773,287.59,71.17,AVAILABLE,60,0.0,1.443
2026-03-01 21:56:00,-10.02,69.01,10.94,177.24,0.0,ONLINE,ONLINE,0.0,86.0341,288.75,72.15,AVAILABLE,60,0.0,1.4339
2026-03-01 21:57:00,-10.39,65.67,10.62,191.26,0.0,ONLINE,ONLINE,0.0,84.9466,288.72,71.28,AVAILABLE,60,0.0,1.4158
2026-03-01 21:58:00,-10.39,66.98,10.79,210.39,0.0,ONLINE,ONLINE,0.0,86.3167,288.22,71.43,AVAILABLE,60,0.0,1.4386
2026-03-01 21:59:00,-10.19,66.37,10.93,161.92,0.0,ONLINE,ONLINE,0.0,85.9402,288.04,71.53,AVAILABLE,60,0.0,1.4323
2026-03-01 22:00:00,-10.21,66.15,11.0,185.87,0.0,ONLINE,ONLINE,0.0,87.9863,288.79,70.97,AVAILABLE,60,0.0,1.4664
2026-03-01 22:01:00,-10.19,66.52,10.89,170.59,0.0,ONLINE,ONLINE,0.0,87.0966,287.92,73.98,AVAILABLE,60,0.0,1.4516
2026-03-01 22:02:00,-10.41,67.3,10.95,178.18,0.0,ONLINE,ONLINE,0.0,86.5284,288.19,72.19,AVAILABLE,60,0.0,1.4421
2026-03-01 22:03:00,-10.22,65.85,10.79,191.35,0.0,ONLINE,ONLINE,0.0,84.906,289.13,71.24,AVAILABLE,60,0.0,1.4151
2026-03-01 22:04:00,-10.36,62.95,11.48,169.5,0.0,ONLINE,ONLINE,0.0,88.0095,289.02,73.4,AVAILABLE,60,0.0,1.4668
2026-03-01 22:05:00,-10.63,63.83,11.0,161.73,0.0,ONLINE,ONLINE,0.0,84.9318,288.22,72.84,AVAILABLE,60,0.0,1.4155
2026-03-01 22:06:00,-10.53,66.1,10.96,188.95,0.0,ONLINE,ONLINE,0.0,87.6853,289.73,71.95,AVAILABLE,60,0.0,1.4614
2026-03-01 22:07:00,-10.61,66.65,11.25,191.36,0.0,ONLINE,ONLINE,0.0,90.0218,289.73,74.22,AVAILABLE,60,0.0,1.5004
2026-03-01 22:08:00,-10.37,64.03,10.63,184.55,0.0,ONLINE,ONLINE,0.0,83.3899,289.1,71.52,AVAILABLE,60,0.0,1.3898
2026-03-01 22:09:00,-10.51,64.45,11.28,171.64,0.0,ONLINE,ONLINE,0.0,88.7518,289.03,73.42,AVAILABLE,60,0.0,1.4792
2026-03-01 22:10:00,-10.66,66.57,11.18,175.45,0.0,ONLINE,ONLINE,0.0,87.6133,288.22,69.63,AVAILABLE,60,0.0,1.4602
2026-03-01 22:11:00,-10.72,66.5,11.05,164.7,0.0,ONLINE,ONLINE,0.0,86.6277,289.52,74.75,AVAILABLE,60,0.0,1.4438
2026-03-01 22:12:00,-10.76,66.5,11.27,180.8,0.0,ONLINE,ONLINE,0.0,90.1628,289.66,72.45,AVAILABLE,60,0.0,1.5027
2026-03-01 22:13:00,-10.77,66.17,10.98,159.66,0.0,ONLINE,ONLINE,0.0,84.5609,289.57,72.23,AVAILABLE,60,0.0,1.4093
2026-03-01 22:14:00,-10.72,66.55,10.83,179.6,0.0,ONLINE,ONLINE,0.0,83.0248,289.03,71.53,AVAILABLE,60,0.0,1.3837
2026-03-01 22:15:00,-10.95,67.51,10.69,171.94,0.0,ONLINE,ONLINE,0.0,84.2166,290.35,71.82,AVAILABLE,60,0.0,1.4036
2026-03-01 22:16:00,-10.66,62.04,11.08,193.24,0.0,ONLINE,ONLINE,0.0,88.6664,291.22,71.46,AVAILABLE,60,0.0,1.4778
2026-03-01 22:17:00,-10.97,67.44,11.39,179.34,0.0,ONLINE,ONLINE,0.0,91.1595,289.71,72.43,AVAILABLE,60,0.0,1.5193
2026-03-01 22:18:00,-10.96,65.78,11.08,172.5,0.0,ONLINE,ONLINE,0.0,87.2269,290.65,74.14,AVAILABLE,60,0.0,1.4538
2026-03-01 22:19:00,-11.07,64.91,10.91,176.68,0.0,ONLINE,ONLINE,0.0,87.2792,290.11,72.14,AVAILABLE,60,0.0,1.4547
2026-03-01 22:20:00,-10.88,65.23,11.53,155.47,0.0,ONLINE,ONLINE,0.0,92.2228,289.45,73.45,AVAILABLE,60,0.0,1.537
2026-03-01 22:21:00,-10.99,64.99,11.24,173.31,0.0,ONLINE,ONLINE,0.0,89.8961,290.58,73.87,AVAILABLE,60,0.0,1.4983
2026-03-01 22:22:00,-11.08,66.08,11.4,173.48,0.0,ONLINE,ONLINE,0.0,91.1697,289.57,73.64,AVAILABLE,60,0.0,1.5195
2026-03-01 22:23:00,-11.02,64.74,11.16,174.38,0.0,ONLINE,ONLINE,0.0,89.249,291.11,74.03,AVAILABLE,60,0.0,1.4875
2026-03-01 22:24:00,-11.01,67.17,11.27,153.84,0.0,ONLINE,ONLINE,0.0,90.198,290.6,72.18,AVAILABLE,60,0.0,1.5033
2026-03-01 22:25:00,-11.06,66.17,10.91,191.57,0.0,ONLINE,ONLINE,0.0,84.194,289.61,71.08,AVAILABLE,60,0.0,1.4032
2026-03-01 22:26:00,-11.16,66.65,11.04,159.14,0.0,ONLINE,ONLINE,0.0,88.3274,290.57,73.45,AVAILABLE,60,0.0,1.4721
2026-03-01 22:27:00,-10.97,65.86,11.02,180.03,0.0,ONLINE,ONLINE,0.0,88.1482,291.03,72.62,AVAILABLE,60,0.0,1.4691
2026-03-01 22:28:00,-11.17,68.15,11.19,198.25,0.0,ONLINE,ONLINE,0.0,88.2541,291.66,72.41,AVAILABLE,60,0.0,1.4709
2026-03-01 22:29:00,-11.3,65.87,10.95,193.8,0.0,ONLINE,ONLINE,0.0,87.5966,291.54,72.35,AVAILABLE,60,0.0,1.4599
2026-03-01 22:30:00,-11.2,67.85,10.75,159.66,0.0,ONLINE,ONLINE,0.0,85.9827,290.99,71.51,AVAILABLE,60,0.0,1.433
2026-03-01 22:31:00,-11.34,69.0,11.14,168.45,0.0,ONLINE,ONLINE,0.0,89.1493,290.82,74.28,AVAILABLE,60,0.0,1.4858
2026-03-01 22:32:00,-11.48,67.77,11.24,169.5,0.0,ONLINE,ONLINE,0.0,89.9485,291.82,72.4,AVAILABLE,60,0.0,1.4991
2026-03-01 22:33:00,-11.29,63.27,10.76,177.64,0.0,ONLINE,ONLINE,0.0,86.0609,291.77,73.14,AVAILABLE,60,0.0,1.4343
2026-03-01 22:34:00,-11.38,69.19,11.4,171.94,0.0,ONLINE,ONLINE,0.0,89.9387,291.06,71.16,AVAILABLE,60,0.0,1.499
2026-03-01 22:35:00,-11.44,64.64,10.88,185.76,0.0,ONLINE,ONLINE,0.0,87.0257,292.21,71.41,AVAILABLE,60,0.0,1.4504
2026-03-01 22:36:00,-11.47,68.2,10.59,193.28,0.0,ONLINE,ONLINE,0.0,82.058,292.29,72.58,AVAILABLE,60,0.0,1.3676
2026-03-01 22:37:00,-11.42,66.86,11.03,188.16,0.0,ONLINE,ONLINE,0.0,88.2295,292.01,74.29,AVAILABLE,60,0.0,1.4705
2026-03-01 22:38:00,-11.43,66.45,10.68,168.84,0.0,ONLINE,ONLINE,0.0,85.4444,292.87,73.26,AVAILABLE,60,0.0,1.4241
2026-03-01 22:39:00,-11.55,67.98,11.2,148.71,0.0,ONLINE,ONLINE,0.0,89.5738,292.32,72.02,AVAILABLE,60,0.0,1.4929
2026-03-01 22:40:00,-11.63,65.35,10.82,167.57,0.0,ONLINE,ONLINE,0.0,84.6536,292.5,73.2,AVAILABLE,60,0.0,1.4109
2026-03-01 22:41:00,-11.66,66.95,11.12,159.19,0.0,ONLINE,ONLINE,0.0,88.9906,291.8,72.36,AVAILABLE,60,0.0,1.4832
2026-03-01 22:42:00,-11.64,65.26,11.15,190.27,0.0,ONLINE,ONLINE,0.0,84.3492,292.43,72.71,AVAILABLE,60,0.0,1.4058
2026-03-01 22:43:00,-11.48,64.31,10.76,178.65,0.0,ONLINE,ONLINE,0.0,84.7965,292.43,71.89,AVAILABLE,60,0.0,1.4133
2026-03-01 22:44:00,-11.75,67.86,10.71,174.61,0.0,ONLINE,ONLINE,0.0,85.6668,293.37,70.25,AVAILABLE,60,0.0,1.4278
2026-03-01 22:45:00,-11.67,66.35,11.4,181.72,0.0,ONLINE,ONLINE,0.0,89.9179,293.52,71.75,AVAILABLE,60,0.0,1.4986
2026-03-01 22:46:00,-11.64,65.72,11.01,170.65,0.0,ONLINE,ONLINE,0.0,86.8592,293.27,71.85,AVAILABLE,60,0.0,1.4477
2026-03-01 22:47:00,-11.74,68.48,10.98,191.3,0.0,ONLINE,ONLINE,0.0,86.2075,292.76,73.58,AVAILABLE,60,0.0,1.4368
2026-03-01 22:48:00,-11.73,66.35,10.81,195.88,0.0,ONLINE,ONLINE,0.0,86.4834,292.74,72.25,AVAILABLE,60,0.0,1.4414
2026-03-01 22:49:00,-11.81,66.51,10.7,183.33,0.0,ONLINE,ONLINE,0.0,85.6306,293.88,75.12,AVAILABLE,60,0.0,1.4272
2026-03-01 22:50:00,-11.95,67.19,11.08,185.3,0.0,ONLINE,ONLINE,0.0,88.6456,292.98,73.27,AVAILABLE,60,0.0,1.4774
2026-03-01 22:51:00,-12.05,69.53,10.83,186.73,0.0,ONLINE,ONLINE,0.0,86.6187,293.41,71.29,AVAILABLE,60,0.0,1.4436
2026-03-01 22:52:00,-11.93,67.03,10.68,179.58,0.0,ONLINE,ONLINE,0.0,84.0488,293.36,72.77,AVAILABLE,60,0.0,1.4008
2026-03-01 22:53:00,-11.91,62.58,11.23,166.17,0.0,ONLINE,ONLINE,0.0,89.8211,293.06,75.49,AVAILABLE,60,0.0,1.497
2026-03-01 22:54:00,-11.94,69.27,11.12,204.88,0.0,ONLINE,ONLINE,0.0,88.9777,292.65,72.05,AVAILABLE,60,0.0,1.483
2026-03-01 22:55:00,-12.0,68.95,11.17,168.37,0.0,ONLINE,ONLINE,0.0,89.3758,294.01,73.41,AVAILABLE,60,0.0,1.4896
2026-03-01 22:56:00,-11.91,65.26,11.05,192.21,0.0,ONLINE,ONLINE,0.0,88.3893,293.9,73.15,AVAILABLE,60,0.0,1.4732
2026-03-01 22:57:00,-12.08,68.3,11.21,197.57,0.0,ONLINE,ONLINE,0.0,88.3475,293.37,73.08,AVAILABLE,60,0.0,1.4725
2026-03-01 22:58:00,-12.07,65.04,11.02,164.51,0.0,ONLINE,ONLINE,0.0,87.0194,293.64,74.01,AVAILABLE,60,0.0,1.4503
2026-03-01 22:59:00,-12.11,67.26,11.05,160.91,0.0,ONLINE,ONLINE,0.0,88.4336,295.09,72.77,AVAILABLE,60,0.0,1.4739
2026-03-01 23:00:00,-12.22,64.17,10.88,199.79,0.0,ONLINE,ONLINE,0.0,87.0662,295.1,74.43,AVAILABLE,60,0.0,1.4511
2026-03-01 23:01:00,-12.22,64.48,10.44,198.6,0.0,ONLINE,ONLINE,0.0,78.8722,293.51,73.22,AVAILABLE,60,0.0,1.3145
2026-03-01 23:02:00,-12.23,66.2,11.04,191.56,0.0,ONLINE,ONLINE,0.0,84.2052,293.84,70.69,AVAILABLE,60,0.0,1.4034
2026-03-01 23:03:00,-12.28,66.95,11.45,194.91,0.0,ONLINE,ONLINE,0.0,87.7012,294.84,73.34,AVAILABLE,60,0.0,1.4617
2026-03-01 23:04:00,-12.33,64.66,10.93,182.97,0.0,ONLINE,ONLINE,0.0,87.4759,294.77,74.43,AVAILABLE,60,0.0,1.4579
2026-03-01 23:05:00,-12.21,65.69,11.0,182.88,0.0,ONLINE,ONLINE,0.0,86.6819,294.07,76.71,AVAILABLE,60,0.0,1.4447
2026-03-01 23:06:00,-12.17,66.22,10.81,157.07,0.0,ONLINE,ONLINE,0.0,86.4771,294.32,70.14,AVAILABLE,60,0.0,1.4413
2026-03-01 23:07:00,-12.44,65.94,11.13,152.6,0.0,ONLINE,ONLINE,0.0,83.8497,294.54,73.82,AVAILABLE,60,0.0,1.3975
2026-03-01 23:08:00,-12.45,68.92,10.97,202.3,0.0,ONLINE,ONLINE,0.0,87.7375,294.69,72.79,AVAILABLE,60,0.0,1.4623
2026-03-01 23:09:00,-12.59,64.91,11.16,178.27,0.0,ONLINE,ONLINE,0.0,89.2836,295.39,73.68,AVAILABLE,60,0.0,1.4881
2026-03-01 23:10:00,-12.28,68.05,10.92,194.82,0.0,ONLINE,ONLINE,0.0,85.5811,295.14,71.44,AVAILABLE,60,0.0,1.4264
2026-03-01 23:11:00,-12.25,67.08,10.81,185.16,0.0,ONLINE,ONLINE,0.0,86.4625,295.72,71.22,AVAILABLE,60,0.0,1.441
2026-03-01 23:12:00,-12.55,65.79,10.86,170.42,0.0,ONLINE,ONLINE,0.0,85.642,296.25,73.01,AVAILABLE,60,0.0,1.4274
2026-03-01 23:13:00,-12.72,66.12,11.05,184.89,0.0,ONLINE,ONLINE,0.0,86.7435,296.45,72.55,AVAILABLE,60,0.0,1.4457
2026-03-01 23:14:00,-12.53,67.58,11.23,151.26,0.0,ONLINE,ONLINE,0.0,88.4042,295.64,73.0,AVAILABLE,60,0.0,1.4734
2026-03-01 23:15:00,-12.72,68.52,10.67,187.75,0.0,ONLINE,ONLINE,0.0,83.8821,295.71,73.08,AVAILABLE,60,0.0,1.398
2026-03-01 23:16:00,-12.63,66.86,10.93,179.74,0.0,ONLINE,ONLINE,0.0,87.429,295.65,71.51,AVAILABLE,60,0.0,1.4571
2026-03-01 23:17:00,-12.82,67.73,10.9,189.71,0.0,ONLINE,ONLINE,0.0,85.359,295.56,70.69,AVAILABLE,60,0.0,1.4227
2026-03-01 23:18:00,-12.43,70.39,11.18,183.56,0.0,ONLINE,ONLINE,0.0,87.9437,296.21,72.88,AVAILABLE,60,0.0,1.4657
2026-03-01 23:19:00,-12.8,68.28,10.81,199.72,0.0,ONLINE,ONLINE,0.0,86.5084,295.9,72.34,AVAILABLE,60,0.0,1.4418
2026-03-01 23:20:00,-12.85,67.01,10.92,173.09,0.0,ONLINE,ONLINE,0.0,85.5572,296.57,72.62,AVAILABLE,60,0.0,1.426
2026-03-01 23:21:00,-12.6,71.02,11.26,201.42,0.0,ONLINE,ONLINE,0.0,90.0938,294.58,72.08,AVAILABLE,60,0.0,1.5016
2026-03-01 23:22:00,-12.85,68.44,10.96,173.33,0.0,ONLINE,ONLINE,0.0,87.6721,296.65,72.55,AVAILABLE,60,0.0,1.4612
2026-03-01 23:23:00,-12.82,67.19,11.36,184.84,0.0,ONLINE,ONLINE,0.0,89.1207,297.33,71.0,AVAILABLE,60,0.0,1.4853
2026-03-01 23:24:00,-12.97,66.96,10.47,198.99,0.0,ONLINE,ONLINE,0.0,83.7975,296.2,72.61,AVAILABLE,60,0.0,1.3966
2026-03-01 23:25:00,-12.98,69.4,10.61,180.43,0.0,ONLINE,ONLINE,0.0,83.2923,297.22,71.94,AVAILABLE,60,0.0,1.3882
2026-03-01 23:26:00,-12.91,66.68,10.76,159.87,0.0,ONLINE,ONLINE,0.0,86.0636,297.08,71.57,AVAILABLE,60,0.0,1.4344
2026-03-01 23:27:00,-12.8,69.28,10.94,166.47,0.0,ONLINE,ONLINE,0.0,87.505,296.12,72.86,AVAILABLE,60,0.0,1.4584
2026-03-01 23:28:00,-13.02,68.03,11.16,184.77,0.0,ONLINE,ONLINE,0.0,87.3992,297.7,70.68,AVAILABLE,60,0.0,1.4567
2026-03-01 23:29:00,-13.11,66.99,10.94,167.37,0.0,ONLINE,ONLINE,0.0,87.5651,297.42,73.56,AVAILABLE,60,0.0,1.4594
2026-03-01 23:30:00,-13.05,66.01,10.54,162.18,0.0,ONLINE,ONLINE,0.0,81.3072,295.89,72.73,AVAILABLE,60,0.0,1.3551
2026-03-01 23:31:00,-13.24,66.55,10.89,187.98,0.0,ONLINE,ONLINE,0.0,87.1355,296.84,72.48,AVAILABLE,60,0.0,1.4523
2026-03-01 23:32:00,-13.33,63.48,10.81,182.4,0.0,ONLINE,ONLINE,0.0,86.4572,296.48,72.83,AVAILABLE,60,0.0,1.441
2026-03-01 23:33:00,-13.09,67.0,10.72,193.56,0.0,ONLINE,ONLINE,0.0,84.0397,297.89,71.55,AVAILABLE,60,0.0,1.4007
2026-03-01 23:34:00,-12.99,64.57,10.99,154.63,0.0,ONLINE,ONLINE,0.0,86.262,297.8,71.51,AVAILABLE,60,0.0,1.4377
2026-03-01 23:35:00,-13.31,66.54,10.82,165.47,0.0,ONLINE,ONLINE,0.0,86.5958,296.17,71.62,AVAILABLE,60,0.0,1.4433
2026-03-01 23:36:00,-13.41,68.03,10.89,165.75,0.0,ONLINE,ONLINE,0.0,87.1236,297.47,70.83,AVAILABLE,60,0.0,1.4521
2026-03-01 23:37:00,-13.39,65.76,10.92,196.85,0.0,ONLINE,ONLINE,0.0,87.378,298.02,72.86,AVAILABLE,60,0.0,1.4563
2026-03-01 23:38:00,-13.28,68.16,10.57,181.59,0.0,ONLINE,ONLINE,0.0,84.5993,298.13,72.23,AVAILABLE,60,0.0,1.41
2026-03-01 23:39:00,-13.41,68.23,11.05,169.56,0.0,ONLINE,ONLINE,0.0,88.3932,297.9,74.82,AVAILABLE,60,0.0,1.4732
2026-03-01 23:40:00,-13.4,67.67,11.0,190.63,0.0,ONLINE,ONLINE,0.0,87.9992,297.69,70.97,AVAILABLE,60,0.0,1.4667
2026-03-01 23:41:00,-13.44,68.08,11.4,167.23,0.0,ONLINE,ONLINE,0.0,91.1726,298.03,72.21,AVAILABLE,60,0.0,1.5195
2026-03-01 23:42:00,-13.33,66.91,11.02,181.99,0.0,ONLINE,ONLINE,0.0,88.1322,299.64,71.79,AVAILABLE,60,0.0,1.4689
2026-03-01 23:43:00,-13.44,62.54,10.81,169.41,0.0,ONLINE,ONLINE,0.0,85.2446,297.96,73.57,AVAILABLE,60,0.0,1.4207
2026-03-01 23:44:00,-13.56,65.71,10.7,168.81,0.0,ONLINE,ONLINE,0.0,84.1645,298.58,72.81,AVAILABLE,60,0.0,1.4027
2026-03-01 23:45:00,-13.34,67.15,11.11,163.47,0.0,ONLINE,ONLINE,0.0,87.4436,298.88,72.69,AVAILABLE,60,0.0,1.4574
2026-03-01 23:46:00,-13.63,64.45,11.03,172.84,0.0,ONLINE,ONLINE,0.0,86.8416,299.27,74.69,AVAILABLE,60,0.0,1.4474
2026-03-01 23:47:00,-13.53,68.44,11.1,175.23,0.0,ONLINE,ONLINE,0.0,88.7795,299.2,70.01,AVAILABLE,60,0.0,1.4797
2026-03-01 23:48:00,-13.82,70.18,11.04,168.79,0.0,ONLINE,ONLINE,0.0,85.5523,298.82,74.59,AVAILABLE,60,0.0,1.4259
2026-03-01 23:49:00,-13.86,66.84,11.01,169.03,0.0,ONLINE,ONLINE,0.0,85.6889,299.17,74.67,AVAILABLE,60,0.0,1.4281
2026-03-01 23:50:00,-13.4,65.89,10.57,161.8,0.0,ONLINE,ONLINE,0.0,83.1376,300.06,73.83,AVAILABLE,60,0.0,1.3856
2026-03-01 23:51:00,-13.7,67.98,10.82,160.1,0.0,ONLINE,ONLINE,0.0,85.1462,299.41,74.09,AVAILABLE,60,0.0,1.4191
2026-03-01 23:52:00,-13.68,66.97,10.56,185.46,0.0,ONLINE,ONLINE,0.0,84.468,299.22,71.42,AVAILABLE,60,0.0,1.4078
2026-03-01 23:53:00,-13.78,64.89,10.94,198.5,0.0,ONLINE,ONLINE,0.0,85.8724,299.69,74.94,AVAILABLE,60,0.0,1.4312
2026-03-01 23:54:00,-13.88,67.87,11.05,189.5,0.0,ONLINE,ONLINE,0.0,88.4247,300.35,70.63,AVAILABLE,60,0.0,1.4737
2026-03-01 23:55:00,-13.75,67.95,10.86,206.75,0.0,ONLINE,ONLINE,0.0,86.9147,299.83,71.88,AVAILABLE,60,0.0,1.4486
2026-03-01 23:56:00,-13.87,65.48,11.06,144.91,0.0,ONLINE,ONLINE,0.0,86.7476,298.91,73.84,AVAILABLE,60,0.0,1.4458
2026-03-01 23:57:00,-13.85,67.86,10.99,181.67,0.0,ONLINE,ONLINE,0.0,87.9077,298.27,70.29,AVAILABLE,60,0.0,1.4651
2026-03-01 23:58:00,-13.96,64.28,11.5,182.63,0.0,ONLINE,ONLINE,0.0,91.9914,300.96,75.63,AVAILABLE,60,0.0,1.5332
2026-03-01 23:59:00,-14.0,72.47,11.06,186.8,0.0,ONLINE,ONLINE,0.0,88.4773,300.57,71.79,AVAILABLE,60,0.0,1.4746
